-- phpMyAdmin SQL Dump
-- version 4.0.4
-- http://www.phpmyadmin.net
--
-- Servidor: localhost
-- Tiempo de generación: 20-07-2018 a las 13:22:12
-- Versión del servidor: 5.6.12-log
-- Versión de PHP: 5.4.12

SET SQL_MODE = "NO_AUTO_VALUE_ON_ZERO";
SET time_zone = "+00:00";


/*!40101 SET @OLD_CHARACTER_SET_CLIENT=@@CHARACTER_SET_CLIENT */;
/*!40101 SET @OLD_CHARACTER_SET_RESULTS=@@CHARACTER_SET_RESULTS */;
/*!40101 SET @OLD_COLLATION_CONNECTION=@@COLLATION_CONNECTION */;
/*!40101 SET NAMES utf8 */;

--
-- Base de datos: `ceco`
--
CREATE DATABASE IF NOT EXISTS `ceco` DEFAULT CHARACTER SET utf8 COLLATE utf8_spanish_ci;
USE `ceco`;

-- --------------------------------------------------------

--
-- Estructura de tabla para la tabla `alumno`
--

CREATE TABLE IF NOT EXISTS `alumno` (
  `ID_Usuario` int(11) NOT NULL AUTO_INCREMENT,
  `ID_Grupo` int(11) NOT NULL,
  `Nombre` varchar(80) COLLATE utf8_spanish_ci NOT NULL,
  `Matricula` int(11) NOT NULL,
  PRIMARY KEY (`ID_Usuario`)
) ENGINE=InnoDB  DEFAULT CHARSET=utf8 COLLATE=utf8_spanish_ci AUTO_INCREMENT=1303 ;

--
-- Volcado de datos para la tabla `alumno`
--

INSERT INTO `alumno` (`ID_Usuario`, `ID_Grupo`, `Nombre`, `Matricula`) VALUES
(1, 1, 'Alcantar Vizcaino Fernando', 2347157),
(2, 1, 'Alejandro Ruiz Oscar Israel', 2347153),
(3, 1, 'Amezquita Butanda Marco Antonio', 2347097),
(4, 1, 'Arredondo Contreras Jaime Adrian', 2347166),
(5, 1, 'Arroyo Ramirez Ana Karen', 2347196),
(6, 1, 'Barron Garcia Arely Paola', 2347213),
(7, 1, 'Beauregard Rosillo Mayte', 2347187),
(8, 1, 'Bolanos Morales Jorge Uriel', 2347182),
(9, 1, 'Bravo Garcia Victor', 2347170),
(10, 1, 'Cadenanes Segueda Maria Fernanda', 2347199),
(11, 1, 'Chavez Villegas David Alejandro', 2347168),
(12, 1, 'Dominguez Avila Mercy Eliott', 2347121),
(13, 1, 'Fernandez Cortes Aleska Ximena', 2347117),
(14, 1, 'Flores Escamilla Angel Aurelio', 2347221),
(15, 1, 'Frias Crespo Sofia', 2347055),
(16, 1, 'Frias Jimenez Gibran David', 2347093),
(17, 1, 'Garcia Herrera Andre', 2347137),
(18, 1, 'Gomez Conejo Maria Fernanda', 2347193),
(19, 1, 'Gonzalez Sanchez Diego', 2347152),
(20, 1, 'Hernandez Anaya Andrea', 2347115),
(21, 1, 'Hernandez Gonzalez Melissa', 2347105),
(22, 1, 'Hernandez Torres Diana Maria', 2347052),
(23, 1, 'Herrera Ramirez Axel Mauricio', 2347174),
(24, 1, 'Linan Martinez Andrea Paola', 2347081),
(25, 1, 'Lozano Longoria Karla Itzel', 2347227),
(26, 1, 'Luna Baeza Renata', 2347112),
(27, 1, 'Martinez Olmos Luis Gerardo', 2347073),
(28, 1, 'Miranda Almanza Edwin Miguel', 2347116),
(29, 1, 'Morales Hernadez Jose Luis', 2347217),
(30, 1, 'Ortega Mata Andrea Fernanda', 2347076),
(31, 1, 'Ortega Perez Sebastian', 2347205),
(32, 1, 'Quintanilla Rocha Daniel', 2347184),
(33, 1, 'Ramirez Celedon Araceli', 2347178),
(34, 1, 'Ramirez Sierra Maria Fernanda', 2347124),
(35, 1, 'Ramos Lopez Jorge Hugo ', 2347077),
(36, 1, 'Rangel Gutierrez Mauricio', 2347190),
(37, 1, 'Razo Minguela Liliana Yahaira', 2347180),
(38, 1, 'Reyes Lopez Airam Alexsandra', 2347149),
(39, 1, 'Rodriguez Puente Juan Pablo', 2347103),
(40, 1, 'Aguirre Moreno Andrea', 2347210),
(41, 1, 'Alfaro Elias Diego', 2347122),
(42, 1, 'Bolanos Loya Alejandro', 2347181),
(43, 1, 'Carrera Salazar Ulises', 2347206),
(44, 1, 'Enriquez Morales Claudia Naomi', 2347089),
(45, 1, 'Esqueda Hernandez Jessica Paola', 2347140),
(46, 1, 'Farfan Gasca Marco Benjamin', 2347164),
(47, 1, 'Flores Cabal Pablo', 2347082),
(48, 1, 'Gallegos Gonzalez Tania Karina', 2347051),
(49, 1, 'Garcia Avalos Wendy', 2347150),
(50, 1, 'Garcia Badillo Dario', 2347085),
(51, 1, 'Garcia Morales Daniel', 2347200),
(52, 1, 'Gonzalez Arredondo Andrea', 2347130),
(53, 1, 'Gonzalez Ayon Lizette Analia', 2347139),
(54, 1, 'Gonzalez Delgado Maria Fernanda', 2347197),
(55, 1, 'Gonzalez Miranda Karen Imelda', 2347138),
(56, 1, 'Gutierrez Galvez Aura Geraldine', 2347109),
(57, 1, 'Hernandez Balbuena Vanessa Ibeth', 2347094),
(58, 1, 'Jimenez Granados Diana Vianney', 2347062),
(59, 1, 'Martinez Lopez Mariana Lissette', 2347120),
(60, 1, 'Mazzocco Zago Ricardo', 2347102),
(61, 1, 'Montenegro Gutierrez Ximena', 2347191),
(62, 1, 'Montenegro Mendoza Wendy Guadalupe', 2347171),
(63, 1, 'Munoz Martinez Nadia Jessica', 2347183),
(64, 1, 'Perales Montalvo Arturo', 2347203),
(65, 1, 'Perez Lopez Gema Yuliana    ', 2347225),
(66, 1, 'Pina Aguirre Sebastian', 2347194),
(67, 1, 'Quintero Acosta Luis Enrique', 2347185),
(68, 1, 'Ramirez Enriquez Luisa', 2347058),
(69, 1, 'Rangel Nunez Arely Jimena', 2347173),
(70, 1, 'Rico Espinosa Tristan Yael', 2347054),
(71, 1, 'Sanchez Jimenez Maria Fernanda', 2347175),
(72, 1, 'Santacruz Briones Camila', 2347096),
(73, 1, 'Tapia Solorzano Andreina', 2347218),
(74, 1, 'Valdez Aguilar Mabatsi Gabriela', 2347156),
(75, 1, 'Vazquez Sanchez Itzel Alejandra', 2347060),
(76, 1, 'Vega Capetillo Michelle Guadalupe', 2347188),
(77, 1, 'Aboytes Martinez Jose Francisco', 2347101),
(78, 1, 'Acosta Rodriguez Natalia', 2347108),
(79, 1, 'Aguilera Garcia Aaron', 2347232),
(80, 1, 'Alfonzo Rojas Tadeo Lineol', 2347079),
(81, 1, 'Arteaga Lopez Juan Pablo', 2347083),
(82, 1, 'Berlin Campos Nailea', 2347095),
(83, 1, 'Bernal Cruz Neythan Galled', 2347141),
(84, 1, 'Capetillo Calderon Alan Gabriel', 2347143),
(85, 1, 'Cardenas Bribiesca Citlali Areli', 2347204),
(86, 1, 'Castillo Ruiz Alan Daniel ', 2347201),
(87, 1, 'Castrezana Obregon Marcos', 2347107),
(88, 1, 'Chavez Gonzalez Carla Paulina', 2347126),
(89, 1, 'Cruz Gutierrez Erika Isis', 2347154),
(90, 1, 'De Leon Villalobos Leslie', 2347211),
(91, 1, 'Duarte Ortega Paulina', 2347128),
(92, 1, 'Gomez Munoz Danna Paola', 2347118),
(93, 1, 'Gonzalez Rivera Michel', 2347224),
(94, 1, 'Guerrero Solis Allyson Anabeli', 2347127),
(95, 1, 'Gutierrez Mandujano Diana Sarai', 2347219),
(96, 1, 'Hernandez Montenegro Yakelin', 2347099),
(97, 1, 'Jalomo Rangel Juliana Margarita', 2347215),
(98, 1, 'Lopez Kinney Hans Erwin', 2347074),
(99, 1, 'Martinez Diez De Bonilla Gerardo Emilio', 2347162),
(100, 1, 'Moreno Paez Pamela', 2347090),
(101, 1, 'Moreno Sandoval Paulina Ginnette', 2347158),
(102, 1, 'Ornelas Camacho Maria Fernanda', 2347192),
(103, 1, 'Padron Marquez Mariana', 2347161),
(104, 1, 'Pineda Tovar Martha Leticia', 2347132),
(105, 1, 'Quintanilla Landin Alexa', 2347071),
(106, 1, 'Quintanilla Perez Brenda Johana', 2347186),
(107, 1, 'Quiroz Arias Hugo', 2347195),
(108, 1, 'Quiroz Martinez Liliana', 2347078),
(109, 1, 'Ramirez Mendoza Jacqueline', 2347106),
(110, 1, 'Rangel Ponce Adriana De Fatima', 2347050),
(111, 1, 'Rincon Escobar Fernanda', 2347070),
(112, 1, 'Ruiz Arroyo Edgar Alejandro', 2347068),
(113, 1, 'Valtierra Castillo Pedro Antonio', 2347061),
(114, 1, 'Villafuerte Rodriguez Sandra Yarely', 2347209),
(115, 1, 'Villanueva Lozano Hannia Belen', 2347165),
(116, 1, 'Arellano Juarez Anette Michelle', 2347134),
(117, 1, 'Arroyo Ramirez Jose Arturo', 2347063),
(118, 1, 'Camacho Ramirez Victor Dolores', 2347088),
(119, 1, 'Cardenas Munoz Gabriel', 2347135),
(120, 1, 'Contreras Aldrete Victor Javier', 2347142),
(121, 1, 'Garcia Arriaga Shalom Sinai', 2347144),
(122, 1, 'Garcia Flores Karen Lizeth', 2347080),
(123, 1, 'Garcia Zumaya Kelly Marlene', 2347113),
(124, 1, 'Gutierrez Torres Andrea Del Rocio', 2347069),
(125, 1, 'Guzman Ortiz Andrea Paola', 2347131),
(126, 1, 'Guzman Ramirez Stephanie Erandi', 2347129),
(127, 1, 'Hernandez Martinez Sofia', 2347092),
(128, 1, 'Hernandez Rico Valeria Alejandra  ', 2347145),
(129, 1, 'Herrejon Diaz Giovanna', 2347087),
(130, 1, 'Jimenez Alanis Fernando', 2347056),
(131, 1, 'Madrigal Sanchez Cristian Alexis', 2347100),
(132, 1, 'Martinez Rodriguez Juan', 2347136),
(133, 1, 'Mata Gonzalez', 0),
(134, 1, 'Mendoza Razo Jesus Angel', 2347086),
(135, 1, 'Padron Martinez Frida Galilea', 2347133),
(136, 1, 'Pantoja De La Torre Luisa Fernanda', 2347111),
(137, 1, 'Pelaez Rodriguez Gustavo', 2347125),
(138, 1, 'Perez Hernandez Jennifer Guadalupe', 2347104),
(139, 1, 'Perez Obregon Rebeca Aranzazu', 2347064),
(140, 1, 'Prieto Prieto Mariana Elizabeth', 2347163),
(141, 1, 'Ramirez Zavala Danna Paola', 2347084),
(142, 1, 'Rico Rivera Arely', 2347202),
(143, 1, 'Rivera Candelero Aranza Ximena', 2347176),
(144, 1, 'Salmeron Arroyo Valeria Yoselin', 2347049),
(145, 1, 'Sanchez Lopez Oliver', 2347212),
(146, 1, 'Sanchez Perez Gerardo', 2347220),
(147, 1, 'Torres Leon Luz Maria', 2347148),
(148, 1, 'Torres Serrano Maria Ximena', 2347119),
(149, 1, 'Vasquez Moreno Carolina', 2347066),
(150, 1, 'Yado Gutierrez Teresa Astrid', 2347114),
(151, 1, 'Zepeda Lopez Romina', 2347146),
(152, 1, 'Aboytes', 2346977),
(153, 1, 'Acevedo Quintana Maria Fernanda', 2346937),
(154, 1, 'Amezquita Butanda Juan Manuel', 2347037),
(155, 1, 'Arredondo Farfan Rodrigo Adan', 2346860),
(156, 1, 'Baeza Garciduenas Froylan', 2346881),
(157, 1, 'Bravo Garcia Julianna', 2346908),
(158, 1, 'Bravo Nunez Iran', 2346849),
(159, 1, 'Cabal Barragan Jesus Eduardo', 2346890),
(160, 1, 'Castillo Tristan Fabian Ricardo', 2346889),
(161, 1, 'Ceballos Arredondo Victor Antonio', 2347032),
(162, 1, 'Cervantes Manriquez Juan Antonio', 2346921),
(163, 1, 'Chavez Luzanilla Luis Sergio', 2346972),
(164, 1, 'Chavez Villegas Andrea Lizeth', 2346970),
(165, 1, 'Escalante Rodriguez Guillermo Eduardo', 2346934),
(166, 1, 'Flores Cabal Enrique', 2346952),
(167, 1, 'Garcia Nunez Jose Carlos', 2346846),
(168, 1, 'Giron Nunez Donovan Miguel', 2346915),
(169, 1, 'Gomez Cano Santiago', 2346897),
(170, 1, 'Gonzalez Reyes Aaron Sebastian', 2346872),
(171, 1, 'Gonzalez Villalpando Emilio Alonso', 2346944),
(172, 1, 'Gutierrez Torres Carlos Brians', 2346868),
(173, 1, 'Hernandez Heredia Carlos Federico', 2346877),
(174, 1, 'Hernandez Ramirez Yesenia Joselin', 2346936),
(175, 1, 'Huichapa Hernandez Jose Alberto', 2346875),
(176, 1, 'Lizcano Ponce Carlos Daniel', 2346859),
(177, 1, 'Lugo Martinez Julio Emmanuel', 2346905),
(178, 1, 'Molina Mortera Itzel Tamara', 2346916),
(179, 1, 'Navarrete Gomez Jonatan Daniel', 2346855),
(180, 1, 'Navarro Villegas Carlos Daniel', 2346976),
(181, 1, 'Nieto Baeza Emiliano', 2346939),
(182, 1, 'Olguin Rivas Olimpia Liliana', 2346969),
(183, 1, 'Pozos Reyes Guillermo', 2346961),
(184, 1, 'Razo Armenta Alexis Andrei', 2346892),
(185, 1, 'Resendiz Mosqueda Ruth', 2346973),
(186, 1, 'Robles Hernandez Francisco Israel', 2346866),
(187, 1, 'Rocha Hernandez Angel Miguel', 2347029),
(188, 1, 'Rojas Garcia Raymundo', 2346951),
(189, 1, 'Ruiz Arroyo Angel Daniel', 2346932),
(190, 1, 'Serrano Salazar Fernanda', 2346933),
(191, 1, 'Tamayo Flores Sebastian', 2346943),
(192, 1, 'Thompson Baeza Greta', 2346904),
(193, 1, 'Torres Aguilera Walter Miguel', 2346851),
(194, 1, 'Trejo Juarez Andres', 2346885),
(195, 1, 'Valtierra Reyes Alexis David', 2346949),
(196, 1, 'Vazquez Ayala Fanny Elizabeth', 2346858),
(197, 1, 'Villalobos Tamayo Emmanuel', 2346953),
(198, 1, 'Zamora Delgado Leslie Joana  ', 2347048),
(199, 1, 'Camacho Gutierrez Arath Saul', 2347036),
(200, 1, 'Conejo Martinez Tania Vanessa', 2346874),
(201, 1, 'Corona Martinez Andree Alexis', 2346964),
(202, 1, 'Delgado Garcia Omar Josue', 2346850),
(203, 1, 'Espinoza Solares Jose Enrique', 2346954),
(204, 1, 'Flores Escamilla Rafael', 2346940),
(205, 1, 'Garcia Mena Kasandra Vianney', 2346917),
(206, 1, 'Gongora Bribiesca Ana Paula', 2346914),
(207, 1, 'Gonzalez Baez Naima Sofia', 2346925),
(208, 1, 'Heredia Avalos Jose David                ', 2347216),
(209, 1, 'Hernandez Gomez Diana Elizabeth', 2346907),
(210, 1, 'Hernandez Zuniga Dayana Paula', 2346927),
(211, 1, 'Martinez Rangel Mariana', 2346974),
(212, 1, 'Medina Rosales Miguel Issac                 Reingreso', 2346826),
(213, 1, 'Miranda Moreno Keila Guadalupe', 2346901),
(214, 1, 'Montecillo Resendiz Marbely', 2346935),
(215, 1, 'Montecillos Rodriguez Ericka Vanessa', 2346923),
(216, 1, 'Munoz', 2346983),
(217, 1, 'Ocampo Mosqueda Litzy Mariana', 2346962),
(218, 1, 'Ramirez', 2346986),
(219, 1, 'Ramirez Garcia Sonia Leticia   Nvo. Ing.', 2347233),
(220, 1, 'Ramirez Romero Luis Manuel', 2346922),
(221, 1, 'Raya Hernandez Cristina', 2346878),
(222, 1, 'Regalado Arredondo Lizbeth ', 2346708),
(223, 1, 'Reyes Alarcon Felipe De Jesus', 2346930),
(224, 1, 'Rico Martinez Reyna Jocelyn', 2346879),
(225, 1, 'Rodriguez Medina Robin', 2346895),
(226, 1, 'Rosiles Hernandez Camila Fernanda', 2346873),
(227, 1, 'Salgado Rodriguez Jennifer Lizeth', 2346965),
(228, 1, 'Sosa Palomares Emiliano', 2346853),
(229, 1, 'Vazquez Mosqueda Alan', 2346928),
(230, 1, 'Villafana Navarro Alejandro', 2346945),
(231, 1, 'Villalon Armenta Karen', 2346861),
(232, 1, 'Acevedo Palafox Saul Alexis ', 2346764),
(233, 1, 'Aguilar Nieto Rodrigo            ', 2346664),
(234, 1, 'Cano Campos Francisco', 2346884),
(235, 1, 'Cervantes Mosqueda Jesus Eduardo', 2346967),
(236, 1, 'Del Angel Cardenas Carlos Jair', 2346959),
(237, 1, 'Diosdado Grimaldo Axel Uriel', 2346946),
(238, 1, 'Duran Alvarado Karla Ileana                ', 2346784),
(239, 1, 'Escamilla Badillo Nestor Raxiel', 2346920),
(240, 1, 'Garciduenas Saldana Maximiliano', 2346852),
(241, 1, 'Gasca De La Pena Ana Paula', 2346862),
(242, 1, 'Gasca Nunez Damaris Sarahi', 2346899),
(243, 1, 'Gonzalez Machuca Jenifer Janeth', 2346867),
(244, 1, 'Gonzalez Vazquez Luis Alberto', 2346865),
(245, 1, 'Hernandez Martinez Brandon Alexis', 2346886),
(246, 1, 'Loredo Arredondo Alan Adrian', 2346926),
(247, 1, 'Manzano', 2346984),
(248, 1, 'Martinez Ramirez Jose Antonio', 2346848),
(249, 1, 'Mata Fernandez Karen Jannet', 2346854),
(250, 1, 'Millan Vallejo Nahomi Paola', 2346941),
(251, 1, 'Navarro Villegas Carlos Mauricio', 2346975),
(252, 1, 'Ortega Cervantes Cristobal                  ', 2346796),
(253, 1, 'Prieto Rodriguez Julio Merced         ', 2347230),
(254, 1, 'Ramirez Mellado Luis Diego', 2346931),
(255, 1, 'Rodriguez Navarro Yunuel Miroslava', 2346883),
(256, 1, 'Romero Sanchez Melisa Estefania', 2346871),
(257, 1, 'Rosiles Ornelas Laura Daniela', 2346906),
(258, 1, 'Rueda Duron Roberto   Nvo. Ing.', 2347234),
(259, 1, 'Samano Gomez Andrea Estefania', 2346845),
(260, 1, 'Sanchez Cazares Andrea Victoria', 2346893),
(261, 1, 'Vidal Monroy Emiliano                     ', 2346770),
(262, 1, 'Zepeda', 2346982),
(263, 1, 'Almanza Ramirez Nayeli Alejandra', 2346971),
(264, 1, 'Barrientos', 2346981),
(265, 1, 'Cocco Cruz Aisha', 2346938),
(266, 1, 'Contreras Corona Diego', 2346887),
(267, 1, 'Cornejo Villanueva Alexandra', 2346903),
(268, 1, 'De Julian Arreola Mariana', 2346888),
(269, 1, 'Escorcia Arroyo Ana Victoria', 2346857),
(270, 1, 'Garcia', 2346985),
(271, 1, 'Gonzalez Vazquez Diana Laura', 2346863),
(272, 1, 'Gutierrez', 2346987),
(273, 1, 'Hernandez Berrones Ruben Eduardo', 2346894),
(274, 1, 'Hernandez Herrera Alejandro', 2346948),
(275, 1, 'Herrera Francia Fabian', 2346864),
(276, 1, 'Mar Leal Linette', 2346896),
(277, 1, 'Montecillo Resendiz Marlem', 2346912),
(278, 1, 'Moyeda Lizcano Miguel Angel               ', 2346842),
(279, 1, 'Nunez Lopez Maria Del Carmen', 2346847),
(280, 1, 'Ortega Ortiz Sergio', 2346958),
(281, 1, 'Plaza Hernandez Luis Alejandro     ', 2347208),
(282, 1, 'Ramirez Granados Andre', 2346960),
(283, 1, 'Ramirez Villasana Fernando', 2346902),
(284, 1, 'Robledo Rocha Sergio Yosef', 2346869),
(285, 1, 'Rodriguez Olivares Astrid Yamile', 2346955),
(286, 1, 'Rodriguez Vargas Myriam', 2346947),
(287, 1, 'Romero Sanchez Natalia', 2346870),
(288, 1, 'Sanchez', 2346979),
(289, 1, 'Sierra Ortega Diana Paola', 2346876),
(290, 1, 'Torres Garcia Juan Martin', 2346900),
(291, 1, 'Vazquez Sanchez Ilse Vanessa', 2346909),
(292, 1, 'Aguilera Toledo Josue Alan', 2346693),
(293, 1, 'Alfonzo Rojas Leslie Dayam', 2346696),
(294, 1, 'Almazan Delgado Jocelyn Daniela', 2346819),
(295, 1, 'Badillo Leon Kathia Carolina', 2346674),
(296, 1, 'Castanon Zarate Edgar Davino', 2346671),
(297, 1, 'Castro Vincent Vicente Aldair ', 2346698),
(298, 1, 'Cedillo Soto Luis Enrique', 2346832),
(299, 1, 'Ceja Garcia Alan ', 2346669),
(300, 1, 'Celedon Lopez Jennifer Michelle', 2346719),
(301, 1, 'Chavez Iturralde Alland Manuel', 2346706),
(302, 1, 'Flores Cabal Francisco Arturo', 2346816),
(303, 1, 'Flores Ruiz Yair Alberto', 2346774),
(304, 1, 'Garces Perales Daniel Enrique   ', 2347046),
(305, 1, 'Garcia Amezola Jose Manuel', 2346666),
(306, 1, 'Garcia', 2346772),
(307, 1, 'Gasca Sanchez Danjael', 2346762),
(308, 1, 'Gonzalez Ledezma Roberto', 2346667),
(309, 1, 'Gonzalez Ortiz Luis Humberto', 2346780),
(310, 1, 'Gerrero Tapia Carlos Enrique', 2347222),
(311, 1, 'Hernandez Ramirez Emiliano    ', 2347045),
(312, 1, 'Hernandez Santos Emily                  ', 2346715),
(313, 1, 'Hernandez Vazquez Luis Manuel', 2346799),
(314, 1, 'Labrada Salazar Mario Ernesto', 23446758),
(315, 1, 'Ledesma Mazzocco Emmanuel', 2346662),
(316, 1, 'Lopez Gonzalez Francisco Javier', 2346699),
(317, 1, 'Lopez Kinney Kevin Gerald', 2346744),
(318, 1, 'Macias Almaguer Juan Ulises', 2346725),
(319, 1, 'Maciel Gomez Luis Ricardo', 2346776),
(320, 1, 'Martinez Flores Martha Lucia', 2346840),
(321, 1, 'Mazzocco Zago Victor', 2346663),
(322, 1, 'Medina Lara Salvador', 2346741),
(323, 1, 'Molina Rodriguez Adriana', 2346727),
(324, 1, 'Morales Milantoni Benjamin Donaldo', 2346711),
(325, 1, 'Moreno  Hernandez Nohely', 2346746),
(326, 1, 'Murillo Cedillo Alejandro', 2346757),
(327, 1, 'Navarrete Gomez Emanuel Michel', 2346763),
(328, 1, 'Negrete', 2346737),
(329, 1, 'Nieto Gonzalez Maria Andrea', 2346754),
(330, 1, 'Ojeda Mendoza Jonathan Alejandro  ', 2347035),
(331, 1, 'Oviedo Guadarrama Rafael', 2346812),
(332, 1, 'Parra Ramirez Julian Efrain', 2346685),
(333, 1, 'Rico Cardenas Stephania', 2346750),
(334, 1, 'Robles Gonzalez Edgar Ivan', 2346800),
(335, 1, 'Rodriguez Britney ', 2346723),
(336, 1, 'Ruiz Robles Brenda Cristina', 2346810),
(337, 1, 'Saldivar Torres Dagoberto', 2346707),
(338, 1, 'Sepulveda Velez Sarai', 2346703),
(339, 1, 'Sobrino Bravo Mario Eduardo ', 2347028),
(340, 1, 'Turrubiates Perez Karla Guadalupe', 2346702),
(341, 1, 'Valerio Perez Eyleen Fernanda', 2346794),
(342, 1, 'Vivanco  Gonzalez Daniel Omar ', 2346720),
(343, 1, 'Alcantar Vizcaino Andrea', 2346827),
(344, 1, 'Aldape Villegas Melissa Alejandra', 2346732),
(345, 1, 'Amezquita Cano Jose Ruben', 2346687),
(346, 1, 'Blakeley Medellin Paulina', 2346797),
(347, 1, 'Castano Bucio Valeria', 2346722),
(348, 1, 'Chavez Martinez Maria Jose ', 2347043),
(349, 1, 'Frias Martinez Jose Carlos', 2346726),
(350, 1, 'Garcia Martinez Hannia Paola      ', 2346701),
(351, 1, 'Gomez Perez Ana Paula', 2346811),
(352, 1, 'Gonzalez Arredondo Monserrat ', 2346806),
(353, 1, 'Gonzalez Villagomez Andrea', 2346789),
(354, 1, 'Grabios Gallegos Carlo Andre', 2346808),
(355, 1, 'Grajeda Avila Samantha', 2346786),
(356, 1, 'Lopez Guapo Judith Guadalupe ', 2346712),
(357, 1, 'Lopez Cisneros Maria Fernanda ', 2347034),
(358, 1, 'Morales Reyes Dariana', 2346665),
(359, 1, 'Moreno Granados Fernanda Margarita', 2346748),
(360, 1, 'Mosqueda Briones Britany Estefania', 2346751),
(361, 1, 'Ortega Ramirez Yael Alejandro', 2346713),
(362, 1, 'Oviedo Guadarrama Begona', 2346792),
(363, 1, 'Palos Galvan Maria Fernanda', 2346660),
(364, 1, 'Pamila Baez Diana Ibeth', 2346676),
(365, 1, 'Pescador Flores Bryan Fernando', 2346777),
(366, 1, 'Pichardo Paramo Manuel Francisco', 2346755),
(367, 1, 'Ponce Aguilera Alan Jhair ', 2346710),
(368, 1, 'Quintana Garcia Mariana', 2346697),
(369, 1, 'Quintanilla Rocha Mariana           ', 2347189),
(370, 1, 'Razo Calvo Karla Lizeth', 2346756),
(371, 1, 'Ruiz Guerrero Maria Elena', 2346730),
(372, 1, 'Ruiz Rivera Marisa', 2346753),
(373, 1, 'Sanchez Gomez Natalia', 2346694),
(374, 1, 'Valdez Lorenzo Wenceslao', 2346688),
(375, 1, 'Vazquez Vega Luz Valeria ', 2346689),
(376, 1, 'Vizcaino', 2346978),
(377, 1, 'Alvarez Montiel Sarai Del Rocio', 2346691),
(378, 1, 'Andaracua Rico Erika', 2346736),
(379, 1, 'Ayala Lara Lucero ', 2346686),
(380, 1, 'Carrera Diana Guadalupe', 2346682),
(381, 1, 'Chavez Iturralde Sergio Adrian ', 2346705),
(382, 1, 'Cornejo Ferreira Edgar Alejandro', 2346778),
(383, 1, 'Cruz Barragan Angel', 2346836),
(384, 1, 'Cruz Olguin Rosa Samantha', 2346739),
(385, 1, 'Diosdado Calixto Esmeralda', 2346735),
(386, 1, 'Flores Mozqueda Hector Eduardo', 2346816),
(387, 1, 'Gomez Ortiz Sergio       ', 2346396),
(388, 1, 'Gonzalez Machuca Jessica Jazmin', 2346740),
(389, 1, 'Hernandez Jimenez Valeria', 2346728),
(390, 1, 'Hernandez Rivera Paola Lucero', 2346805),
(391, 1, 'Loya Tapia Alexandra', 2346661),
(392, 1, 'Macias Escoto Karla Guadalupe', 2346793),
(393, 1, 'Marmolejo Nunez Guadalupe Del Carmen', 2346695),
(394, 1, 'Martinez Alvarado Annette', 2346802),
(395, 1, 'Martinez Cancino Andrea Alejandra', 2346714),
(396, 1, 'Morales Barragan Edgar Jesus', 2346681),
(397, 1, 'Moreno Rodriguez Evelin Giovana', 2346670),
(398, 1, 'Moreno Sanchez Jocelyn Azul', 2346817),
(399, 1, 'Ortiz Castaneda Carolina', 2346729),
(400, 1, 'Padron Marquez Maria Fernanda', 2346795),
(401, 1, 'Razo Nieto Floriana', 2346752),
(402, 1, 'Rodriguez', 2346788),
(403, 1, 'Rojas Pedraza Cristina De Jesus', 2346820),
(404, 1, 'Rosas Paramo Iside Yunnue', 2346821),
(405, 1, 'Sanchez Razo America Andrea ', 2346591),
(406, 1, 'Silva Vallejo Alfredo Isai    ', 2346563),
(407, 1, 'Aguilar Ortega Edwin Didier', 2346749),
(408, 1, 'Alcocer Razo Luis Mario ', 2346733),
(409, 1, 'Aranda Moreno Alonso ', 2346738),
(410, 1, 'Cabal Barragan Arturo', 2346831),
(411, 1, 'Cortez Centeno Hassiel Adrian', 2346769),
(412, 1, 'Dupinet Iniguez Daniela', 2346768),
(413, 1, 'Duran Alvarado Karla Mariela           ', 2346443),
(414, 1, 'Enriquez Saldana Daniel', 2346700),
(415, 1, 'Macedo Rivera Sandra Fernada', 2346791),
(416, 1, 'Martinez Gordillo Cesar Ruben', 2346742),
(417, 1, 'Montecillos Vargas Lorena Mariana', 2346690),
(418, 1, 'Ortega Alfaro Juan Daniel', 2346834),
(419, 1, 'Ramirez Mendez Jairo Josue', 2346731),
(420, 1, 'Ramirez Ruiz Andrea Michelle ', 2346956),
(421, 1, 'Rayon Hernandez Gracia Elizabeth', 2346716),
(422, 1, 'Rodriguez Flores Vanessa Carolina ', 2346668),
(423, 1, 'Rosas Mares Michelle Andrea', 2346619),
(424, 1, 'Rosas Paramo Karen Paola', 2346822),
(425, 1, 'Salmeron Saldana Silvana Alejandrina ', 2346683),
(426, 1, 'Sarabia Aguilera Citlalli', 2346734),
(427, 1, 'Torres Duran Denise', 2346684),
(428, 1, 'Torres Parra Maria Del Rocio', 2346721),
(429, 1, 'Verastegui De La Garma Emilia Fernanda', 2346779),
(430, 1, 'Alfaro Garzon Jose Martin', 2046905),
(431, 1, 'Becerril Mora Estefany Dalila', 2046813),
(432, 1, 'Cardoso Cisneros Luis Diego', 2046820),
(433, 1, 'Diaz Rios Luis Ricardo', 2046947),
(434, 1, 'Gonzalez Cisneros Oscar Benjamin', 2046958),
(435, 1, 'Gonzalez Nieto Jorge Luis', 2046902),
(436, 1, 'Hernandez Rodriguez Noe Adrian', 2046926),
(437, 1, 'Lopez Dominguez Ana Laura', 2046906),
(438, 1, 'Lopez Granados Ubaldo', 2046821),
(439, 1, 'Moreno Mendoza Oscar Alejandro', 2046929),
(440, 1, 'Nieto Arredondo Rafael', 2046971),
(441, 1, 'Perez Lopez Manuel', 2046923),
(442, 1, 'Resendiz Mosqueda Juan Norberto', 2046747),
(443, 1, 'Rios Hernandez Eduardo', 2046946),
(444, 1, 'Rodriguez Cintron Anthony Merced', 2046916),
(445, 1, 'Rodriguez Marin Nicole Julieta', 2046817),
(446, 1, 'alvarez Arguello Mario', 2046791),
(447, 1, 'Arellano Juarez Alan Kenet', 2046788),
(448, 1, 'Arrieta Capi Guillermo Alejandro', 2046805),
(449, 1, 'Casado Naranjo Jose Maria', 2046719),
(450, 1, 'Custodio Botello Horacio', 2046707),
(451, 1, 'Gonzalez Chavarria Diego Alberto', 2046742),
(452, 1, 'Gonzalez Escalante Emilio', 2046686),
(453, 1, 'Martinez Jimenez Tristan Jair', 2046789),
(454, 1, 'Palatto Arredondo Federico', 2046804),
(455, 1, 'Perez Herrera Jesus Antonio', 2046665),
(456, 1, 'Rangel Rico Jose Ricardo', 2046666),
(457, 1, 'Zarate Perez Elba Aracely', 2046725),
(458, 1, 'Blakeley Medellin Guillermo Enrique', 2046620),
(459, 1, 'Cano Hernandez Paola Beatriz', 2046553),
(460, 1, 'Crespo Rodriguez Hector Gonzalo', 2046317),
(461, 1, 'Estrada Castaneda Juan Isaac', 2046525),
(462, 1, 'Garcia Mena Heidi Arneth', 2046629),
(463, 1, 'Garcia Saldana Maria Guadalupe', 2046631),
(464, 1, 'Martinez Ramirez Juan Pablo', 2046446),
(465, 1, 'Mendez Barbosa Daniela Alexandra', 2046520),
(466, 1, 'Moreno Arriaga Rodrigo', 2046776),
(467, 1, 'Perez Amezquita Pedro Francisco', 2046616),
(468, 1, 'Radilla Rojas Martha Beatriz', 2046560),
(469, 1, 'Rangel Rivera Jesus Francisco', 2046498),
(470, 1, 'Rangel Rodriguez Danna Andrea', 2046521),
(471, 1, 'Razo Martinez Alfonso', 2046461),
(472, 1, 'Viguerias Parra Lisette Paulette', 2046778),
(473, 1, 'Arroyo Ramirez Maria Paula', 2046408),
(474, 1, 'Barroso Gonzalez Margarita', 2046254),
(475, 1, 'Becerril Mora Yarel Y Denisse', 2046311),
(476, 1, 'Buzo Godinez Yaneli Estefania', 2046430),
(477, 1, 'Garcia Cano Enrique', 2045958),
(478, 1, 'Garcia Huerta Citlally Estefania', 2046265),
(479, 1, 'Gonzalez Hernandez Sergio Salvador', 2046325),
(480, 1, 'Guzman Garcia Rogelio Emmanuel', 2046302),
(481, 1, 'Huerta Coello Maria Jose', 2046350),
(482, 1, 'Munoz Hernandez Daniel Alberto', 2046285),
(483, 1, 'Nunez Zavala Rosa Itzel', 2046268),
(484, 1, 'Puentes Arellano Adrian', 2046173),
(485, 1, 'Rivera Zapien Mariana Guadalupe', 2046445),
(486, 1, 'Rosales Chavez Hefziba Zurisadai', 2046423),
(487, 1, 'Rosas Pacheco Sarai Odette', 2046281),
(488, 1, 'Silva Perez Samantha Melissa', 2046279),
(489, 1, 'Zarazua Valle Denisse', 2046387),
(490, 1, 'Barron Mosqueda Javier', 2046913),
(491, 1, 'Chavez Cano Maria Viridiana', 2046912),
(492, 1, 'Echeverria Guevara Estefania', 2046843),
(493, 1, 'Estevez Lara Jose Javier', 2046812),
(494, 1, 'Garcia Hernandez Maria Jose', 2046938),
(495, 1, 'Garcia Ramirez Oscar', 2046968),
(496, 1, 'Garcia Vargas Michelle', 2046919),
(497, 1, 'Hernandez Lopez Jesus Antonio', 2046961),
(498, 1, 'Martinez Garcia Monica Livier', 2046896),
(499, 1, 'Ortega Gomez Luis Fernando', 2046841),
(500, 1, 'Perez Amezquita Lizbeth Guadalupe', 2046842),
(501, 1, 'Prieto Moreles Jose Manuel', 2046833),
(502, 1, 'Prieto Prieto Pilar Alejandra', 2046811),
(503, 1, 'Rangel Balderas Juan Martin', 2046839),
(504, 1, 'Rangel Frias Paulina Estefani', 2046824),
(505, 1, 'Tovar Frias Alexa Irazu', 2046822),
(506, 1, 'Aboytes Aguilera Ingrid Valeria', 2046655),
(507, 1, 'Contreras Corona Luis Manuel', 2046647),
(508, 1, 'Lopez Ortega Aranza Dy Maria', 2046643),
(509, 1, 'Mosqueda Gonzalez Fernando', 2046706),
(510, 1, 'Mota Ayala Jesus Francisco', 2046935),
(511, 1, 'Rodriguez Ramirez Martha Liliana', 2046656),
(512, 1, 'Segoviano Andrade Miriam Rosario', 2046722),
(513, 1, 'Velazquez Davalos Argelia Monserrat', 2046645),
(514, 1, 'Bolanos Loya Alfonso', 2046488),
(515, 1, 'Cano Garcia Sergio', 2046563),
(516, 1, 'Chavez Hernandez Luisa Fernanda', 2046460),
(517, 1, 'Frias Deschamps Alejandro', 2046555),
(518, 1, 'Gonzalez Lara Isela', 2046500),
(519, 1, 'Gonzalez Ruiz Maria Fernanda', 2046780),
(520, 1, 'Hernandez Castillo Jesus Francisco', 2046347),
(521, 1, 'Lopez Razo Maria Magdalena', 2046628),
(522, 1, 'Martinez Ramirez Brenda Guadalupe', 2046518),
(523, 1, 'Nunez Gomez Jorge Antonio', 2046570),
(524, 1, 'Padilla Berumen Estefania Donaji', 2046484),
(525, 1, 'Palma Hernandez Mayra Betsaida', 2046483),
(526, 1, 'Ramirez Hernandez Roman Isai', 2046605),
(527, 1, 'Razo Martinez Jessica', 2046462),
(528, 1, 'Rodriguez Perez Teresa Zuemi', 2046495),
(529, 1, 'Villalpando Vazquez Sergio', 2046581),
(530, 1, 'Arteaga Pacheco Aurora', 2046292),
(531, 1, 'Badillo Leon Sara Emily', 2046272),
(532, 1, 'Betancourt Garcia Gloria Itzel', 2046388),
(533, 1, 'Corona Ceron Ramona', 2046335),
(534, 1, 'Gallegos Mendoza Ana Paola', 2046341),
(535, 1, 'Grimaldo Mojica Paloma Guadalupe', 2046289),
(536, 1, 'Hernandez Anaya Jonathan Josue', 2046303),
(537, 1, 'Hernandez Leon Daniela Guadalupe', 2046308),
(538, 1, 'Lara Silva Luis Fernando', 2046278),
(539, 1, 'Martinez Guerrero Jose Alejandro', 2046414),
(540, 1, 'Meza Moreno Adriana Paulina', 2046264),
(541, 1, 'Mosqueda Cedillo Josue', 2046374),
(542, 1, 'Rodriguez Cornejo Madeleine', 2046342),
(543, 1, 'Sandoval Garcia Vicente', 2046229),
(544, 1, 'Almeraya Herrera Joel', 2046721),
(545, 1, 'Arredondo Perez Jorge', 2046967),
(546, 1, 'Avina Alcala Maria Jose', 2046887),
(547, 1, 'Calderon Celio Ramon De Jesus', 2046864),
(548, 1, 'Cornejo Ojeda Diana Anel', 2046915),
(549, 1, 'Escalera Casas Marco Antonio', 2046852),
(550, 1, 'Fonseca Gonzalez Juan Jose', 2046873),
(551, 1, 'Martinez Rodriguez Francisco Eduardo', 2046917),
(552, 1, 'Ocampo Rodriguez Annet Nohemi', 2046920),
(553, 1, 'Pacheco Gasca Saidda Amaranta', 2046848),
(554, 1, 'Trujillo Olivares Jorge Luis', 2046957),
(555, 1, 'Acevedo Quintana Juan Jose', 2046770),
(556, 1, 'Barron Tejeda Maria Ivonne', 2046713),
(557, 1, 'Bravo Carrasco Juan Daniel', 2046726),
(558, 1, 'Castaneda De La Tejera Victor', 2046676),
(559, 1, 'Cu Nunez Karina Itzel', 2046661),
(560, 1, 'Flores Guerrero Luis angel', 2046757),
(561, 1, 'Garcia Capetillo Rodolfo', 2046717),
(562, 1, 'Gutierrez Fonseca Ximena', 2046797),
(563, 1, 'Huerta Cruz Karina', 2046795),
(564, 1, 'Jimenez Gutierrez Cesar Alejandro', 2046715),
(565, 1, 'Leon Perez Damaris Saron', 2046743),
(566, 1, 'Lopez Castro Maria Fernanda', 2046654),
(567, 1, 'Martinez Frias Daniela Aimee', 2046744),
(568, 1, 'Martinez Morales Blanca Estela', 2046936),
(569, 1, 'Mojica Vazquez Coraima Guadalupe', 2046735),
(570, 1, 'Morado Perez Paulina', 2046761),
(571, 1, 'Morales Tovar Diego Fidel', 2046756),
(572, 1, 'Moreno Montfort Hugo Ricardo', 2046727),
(573, 1, 'Perez Zavala Miguel Alejandro', 2046790),
(574, 1, 'Prieto Gonzalez Miguel angel', 2046675),
(575, 1, 'Prieto Rodriguez Martha Michelle', 2046753),
(576, 1, 'Rios Velazquez Isauro Alejandro', 2046649),
(577, 1, 'Vizcaino Villegas Maria Fernanda', 2046680),
(578, 1, 'Blancarte Aguilar Lorena Fernanda', 2046523),
(579, 1, 'Cervantes Delgado Estefany Jazmin', 2046503),
(580, 1, 'Conejo Chavez Claudia Gabriela', 2046439),
(581, 1, 'De Santiago Capetillo Maria Fernanda', 2046502),
(582, 1, 'Diaz Jr. Hostin Dylan', 2046580),
(583, 1, 'Enriquez Saldana Patricia', 2046622),
(584, 1, 'Hernandez Camarena Evelyn Cristina', 2045878),
(585, 1, 'Hernandez Hernandez Maria Angelica', 2046751),
(586, 1, 'Jasso Villegas Wendy Jaqueline', 2046575),
(587, 1, 'Medina Hernandez Alma Cristina', 2046501),
(588, 1, 'Montemayor Moreno Karen Fabiola', 2046550),
(589, 1, 'Morales Dominguez Alondra Guanahani', 2046524),
(590, 1, 'Ondarza Martinez Maurizio', 2046603),
(591, 1, 'Perez Carbajal Carlos Alberto', 2046562),
(592, 1, 'Torres Elizalde Roxana Pauleth', 2046477),
(593, 1, 'Torres Ramirez Maria Fernanda', 2046599),
(594, 1, 'Velazquez Carrillo Miroslava', 2046515),
(595, 1, 'Velazquez Melchor Leonel', 2046574),
(596, 1, 'Adame Fabela Zlate', 2046419),
(597, 1, 'Aranda Huerta Itxamara Candelaria', 2046255),
(598, 1, 'Ballinas Mendoza Daniela Fernanda', 2046433),
(599, 1, 'Barron Medoza Victor Manuel', 2046346),
(600, 1, 'Castro Chavez Monica Yessel', 2046380),
(601, 1, 'Chavez Rangel Martha Azucena', 2046282),
(602, 1, 'Cruz Avendano Andrea', 2046359),
(603, 1, 'Estrada Acosta Francisco', 2046291),
(604, 1, 'Hernandez Hernandez Erick Eduardo', 2046368),
(605, 1, 'Hernandez Mosqueda Luis Fernando', 2046321),
(606, 1, 'Leon Lozano Rodrigo', 2046371),
(607, 1, 'Leon Maciel Ofelia', 2046450),
(608, 1, 'Loza Arroyo Joel Ivan', 2046329),
(609, 1, 'Mata Delgado Aylin Andrea', 2046320),
(610, 1, 'Ramirez Gonzalez Cesar Augusto', 2046330),
(611, 1, 'Ramirez Rios Perla Guadalupe', 2046416),
(612, 1, 'Rangel Bravo Daniela', 2046424),
(613, 1, 'Robles Zapien Marco', 2046367),
(614, 1, 'Romero Vallejo Jose Maria Guadalupe', 2046434),
(615, 1, 'Saldana Gutierrez Jose Juan', 2046067),
(616, 1, 'Sandoval Alfaro Macial', 2046354),
(617, 1, 'Sarabia Navarrete Irais', 2046323),
(618, 1, 'Blakeley Cordoba Nicholle', 2046874),
(619, 1, 'Delgado Sauceda Karen Jacqueline', 2046827),
(620, 1, 'Gutierrez Jasso Georgina', 2046893),
(621, 1, 'Herrera Orozco Rocio Fernanda', 2046970),
(622, 1, 'Mireles Medel Tayde Natasha', 2046862),
(623, 1, 'Munoz Salinas Miriam Guadalupe', 2046818),
(624, 1, 'Nunez Sanchez Pamella', 2046885),
(625, 1, 'Perez Flores Valery Marian', 2046859),
(626, 1, 'Robles Rangel Miriam', 2046918),
(627, 1, 'Rodriguez Garcia Joan Melchor', 2046939),
(628, 1, 'Silvestre Luna Paloma', 2046840),
(629, 1, 'Vargas Carvajal Lieana Gabriela', 2046888),
(630, 1, 'Bustamante Arredondo Francisco Isaias', 2046592),
(631, 1, 'Campos Hernandez Gustavo Elias', 2046585),
(632, 1, 'Castro Durand Daniela Penelope', 2046490),
(633, 1, 'De Leon Leon Marcos Alexis', 2046577),
(634, 1, 'Hernandez Vazquez Cristian Nayeli', 2046531),
(635, 1, 'Morales Reyes Maria Fernanda', 2046612),
(636, 1, 'Moreno Cuellar Yair', 2046588),
(637, 1, 'Ortega Olvera Christian Eduardo', 2046601),
(638, 1, 'Reyes Razo Laura Janette', 2046568),
(639, 1, 'Ruiz Galvan Lourdes Gethzemane', 2046538),
(640, 1, 'Celedon Lopez Gloria Martha', 2046886),
(641, 1, 'Fernandez Cortes Ruben Eduardo', 2046858),
(642, 1, 'Garcia Murillo Maximiliano', 2046944),
(643, 1, 'Garcia Olvera Osvaldo', 2046962),
(644, 1, 'Hernandez Quintal Ana Karen', 2046807),
(645, 1, 'Horta Guzman Victoria Belem', 2046881),
(646, 1, 'Marquez Bravo Leslie Irais', 2046855),
(647, 1, 'Morales Turrubiates Sergio Giovanni', 2046882),
(648, 1, 'Peralta Schiavon Ana Paula', 2046932),
(649, 1, 'Sanchez Cano Hazel Jazmin', 2046868),
(650, 1, 'Calvete Celaya Perla Amairani', 2046697),
(651, 1, 'Chavez Macias Esteban', 2046712),
(652, 1, 'Cornejo Ferreira Jorge Jair', 2046793),
(653, 1, 'Diosdado Grimaldo Johana Candelaria', 2046720),
(654, 1, 'Gonzalez Sosa Marissa Angelica', 2046777),
(655, 1, 'Granados Arriaga Guadalupe Jacqueline', 2046699),
(656, 1, 'Ledesma Enriquez Adriana Soledad', 2046668),
(657, 1, 'Maciel Fonseca Maria Fernanda', 2046672),
(658, 1, 'Rubio Garcia Javier Octavio', 2046664),
(659, 1, 'Villagomez Oseguera Andrea', 2046755),
(660, 1, 'Barrera Castrejon Alexandra', 2046536),
(661, 1, 'Carriles Hernandez Carlos', 2046510),
(662, 1, 'Castillo Tristan Monica Beatriz', 2046252),
(663, 1, 'Espinal Vargas Diego Arturo', 2046482),
(664, 1, 'Flores Ramirez Karla Andrea', 2046512),
(665, 1, 'Gasca Salgado Monica', 2046598),
(666, 1, 'Mata Gallardo Brandon Alejandro', 2046572),
(667, 1, 'Mendoza Lesso Vanessa De Los angeles', 2046491),
(668, 1, 'Montenegro Villafana Natalia Ximena', 2046567),
(669, 1, 'Ortega Vidal Lilibeth', 2046494),
(670, 1, 'Ortiz Castaneda Aranxa', 2046504),
(671, 1, 'Prieto Rojas Diana Laura', 2046584),
(672, 1, 'Ramirez Garcia Tania Fernanda', 2046394),
(673, 1, 'Ramos Rodriguez Juan Jesus', 2046614),
(674, 1, 'Rodriguez Hurtado Rosa Celina', 2046534),
(675, 1, 'Aguilera Garcia Alejandro Josue', 2046421),
(676, 1, 'Alba Silva Diana Laura', 2046409),
(677, 1, 'Amaya Dorantes Alejandra', 2046400),
(678, 1, 'Avila Rodriguez Luis Miguel Gabriel', 2046443),
(679, 1, 'Ceja Garcia Jose Manuel', 2046316),
(680, 1, 'Macedo Rivera Hector', 2046079),
(681, 1, 'Melgoza Mosqueda Sarai', 2046314),
(682, 1, 'Munoz Salinas Manuel Arturo', 2046262),
(683, 1, 'Patino Amaya Raquel Jazmin', 2046345),
(684, 1, 'Perez Juarez Gildardo De Jesus', 2046420),
(685, 1, 'Perez Villalobos Leticia', 2046384),
(686, 1, 'Ramirez Ambriz Pedro De Jesus', 2046293),
(687, 1, 'Villafana Chavez Laura Guadalupe', 2046315),
(688, 1, 'Figueroa Arredondo Alejandra', 2046909),
(689, 1, 'Garcia Gonzalez Karla Maria', 2046814),
(690, 1, 'Hernandez Frias Ana Paulina', 2046861),
(691, 1, 'Meza Mendoza Imelda Guadalupe', 2046863),
(692, 1, 'Rodriguez Arredondo Rebeca', 2046910),
(693, 1, 'Ruiz Sch', 2046837),
(694, 1, 'Torres Salinas Natalia Georgina', 2046948),
(695, 1, 'Camacho Ruiz Carlos Daniel', 2046774),
(696, 1, 'Escamilla Cornejo Adriana', 2046650),
(697, 1, 'Gutierrez Cruz Maria Fernanda', 2046752),
(698, 1, 'Lopez Jimenez Diego Israel', 2046683),
(699, 1, 'Martinez Guerrero Irma Silvia', 2046767),
(700, 1, 'Nieto Reyes Nancy Ivonne', 2046703),
(701, 1, 'Ojeda Saavedra Esmeralda Isabel', 2046714),
(702, 1, 'Rodriguez Quiroz Maria Fernanda', 2046760),
(703, 1, 'Vera Jurado Maria Guadalupe', 2046702),
(704, 1, 'Aboytes Martinez Miroslava', 2046928),
(705, 1, 'Aguilar Sevilla Axel Emiliano', 2046963),
(706, 1, 'Alfaro Espino Selene Elizabeth', 2046838),
(707, 1, 'Amezquita Fonseca Miriam Jacqueline ', 2046826),
(708, 1, 'Bravo Martinez Gabriel', 2046851),
(709, 1, 'Brito Vargas Sara Celeste', 2046942),
(710, 1, 'Buelna Hernandez Kathya Fernanda', 2046844),
(711, 1, 'Carranza Granados Ivonn', 2046831),
(712, 1, 'Esquivel Celedon Valeria', 2046911),
(713, 1, 'Ferro Barbosa Ruben', 2046903),
(714, 1, 'Flores Lara Fernanda Abigail', 2046810),
(715, 1, 'Garcia Alcaraz Sarai', 2046898),
(716, 1, 'Garcia Saldierna Jesus Alberto', 2046952),
(717, 1, 'Gomez Munoz Jackeline', 2046866),
(718, 1, 'Gomez Soto Andrea Fernanda', 2046943),
(719, 1, 'Hernandez Velazquez Martha Alejandra', 2046930),
(720, 1, 'Juarez Alamilla Marcela', 2046927),
(721, 1, 'Lucero Ramirez Maria De Los angeles Eva', 2046878),
(722, 1, 'Miranda Castillo Juan Carlos', 2046937),
(723, 1, 'Morales Herrera Marco Antonio', 2046845),
(724, 1, 'Mosqueda Duarte Martin Emmanuel', 2046925),
(725, 1, 'Munoz Garcia Indra Coral', 2046853),
(726, 1, 'Nieto Gonzalez Jorge Alberto', 2046953),
(727, 1, 'Olmos Fletes Omar', 2046880),
(728, 1, 'Puente Llanos Maria Guadalupe', 2046850),
(729, 1, 'Ramirez Lara Martha Daniela', 2046908),
(730, 1, 'Rodriguez Lee Ana Karen', 2046830),
(731, 1, 'Salgado Enriquez Lorena Eloisa', 2046836),
(732, 1, 'Salmeron Saldana Alejandro Gamaliel', 2046950),
(733, 1, 'Suarez Martinez Valeria', 4046969),
(734, 1, 'Vazquez Baltazar Brenice', 2046966),
(735, 1, 'Villalobos Tamayo Jorge', 2046972),
(736, 1, 'Villegas Gonzalez Angel Ivan', 2046933),
(737, 1, 'Zavala Fonseca Eileen Guadalupe', 2046945),
(738, 1, 'Zavala Paredes Alexa Geraldin', 2046895),
(739, 1, 'Ballinas Mendoza Jorge Enrique', 2046787),
(740, 1, 'Bautista Malagon Rosa Elena', 2046646),
(741, 1, 'Chavez Echeveste Ana Paola', 2046677),
(742, 1, 'Cisneros Meza Mayra Cristina', 2046671),
(743, 1, 'Cruz Flores Martha Sara', 2046741),
(744, 1, 'Duran Fuentes Carolina', 2046745),
(745, 1, 'Escoto Rivera Karen Sarai', 2046679),
(746, 1, 'Francia Flores Luis Alberto', 2046794),
(747, 1, 'Gomez Frias Karia Fernanda', 2046723),
(748, 1, 'Hernandez Rodriguez Edgar Renato', 2046773),
(749, 1, 'Limon Medrano Juan Pedro', 2046690),
(750, 1, 'Lopez Robles Eduardo David', 2046694),
(751, 1, 'Magana Navarro Ana Paula', 2046693),
(752, 1, 'Martinez Ramirez Erick Alberto', 2046771),
(753, 1, 'Ojeda Mendoza Alondra Guadalupe', 2046749),
(754, 1, 'Orozco Zavala Yesenia', 2046576),
(755, 1, 'Ortiz Sierra Astrid', 2046687),
(756, 1, 'Patlan Razo Francisco De Jesus', 2046648),
(757, 1, 'Ramirez Garcia Flor Liliana', 2046670),
(758, 1, 'Ramos Villafuerte Ricardo', 2046739),
(759, 1, 'Rojas Vazquez Laura Estefhania', 2046716),
(760, 1, 'Rosas Silva Maria Fernanda', 2046684),
(761, 1, 'Rosas Vidal Martha Yumey', 2046644),
(762, 1, 'Sanchez Ramirez Adriana Lizeth', 2046931),
(763, 1, 'Tavera Leon Jose Ignacio', 2046785),
(764, 1, 'Torres Cano Maria Elena', 2046738),
(765, 1, 'Torres Zavala Kenia Caridad', 2046696),
(766, 1, 'Villegas Ramirez Arturo Alejandro', 2046796),
(767, 1, 'Zavala Silva Mario Ivan', 2046711),
(768, 1, 'Avina Alcala Angela Michelle', 2046154),
(769, 1, 'Bustos Mata Gerardo Omar', 2046617),
(770, 1, 'Camacho Ruiz Marco Antonio', 2046630),
(771, 1, 'Garcia Castillo Maria Carely', 2046507),
(772, 1, 'Garcia Zepeda Shaym', 2046511),
(773, 1, 'Gonzalez Martinez Flor Lizbeth', 2046438),
(774, 1, 'Gonzalez Morales Virginia De Jesus', 2046547),
(775, 1, 'Gutierrez Torres Fatima Araceli', 2046516),
(776, 1, 'Hernandez Nunez Juan Carlos', 2046564),
(777, 1, 'Jimenez Diaz Paola', 2046469),
(778, 1, 'Luviano Guerra  Renata Marel', 2046458),
(779, 1, 'Martinez Arredondo Diego', 2046393),
(780, 1, 'Montoya Hernandez Guillermo', 2046519),
(781, 1, 'Perez Castaneda Mayra Alejandra', 2046529),
(782, 1, 'Puga Nunez Juan Alberto', 2046606),
(783, 1, 'Ramirez Perez Andrea Guadalupe', 2046608),
(784, 1, 'Rangel Sanchez Nicolas Sebastian', 2046569),
(785, 1, 'Reyes Arredondo Luis Angel', 2046493),
(786, 1, 'Rodriguez Diosdado Eduardo', 2046476),
(787, 1, 'Rosas Tavares Esmeralda Alejandra', 2046779),
(788, 1, 'Sandoval Arevalo Jorge Luis', 2046600),
(789, 1, 'Santiago Reyes Andrea Nohemi', 2046587),
(790, 1, 'Sarabia Navarrete Crissel', 2046590),
(791, 1, 'Tinoco Martinez Martha Estefania', 2046514),
(792, 1, 'Vargas Marino Jose Francisco', 2046539),
(793, 1, 'Vera Gonzalez Aldo', 2046485),
(794, 1, 'Villanueva Hernandez Martin', 2046473),
(795, 1, 'Aguilar Ortega Axel', 2046379),
(796, 1, 'Aguirre Jauregui Selene Mitzue', 2046274),
(797, 1, 'Butanda Rodriguez Diego Argenis', 2046326),
(798, 1, 'Camacho Ruiz Miguel', 2046427),
(799, 1, 'Cortez Cortez Juan', 2046448),
(800, 1, 'Diaz Soria Sarahi', 2046322),
(801, 1, 'Figueroa Ruiz Carolina', 2046294),
(802, 1, 'Fiscal Vela Luis Ernesto', 2046377),
(803, 1, 'Gamez Zavala Diana Laura', 2046253),
(804, 1, 'Garcia Bautista Maria Fernanda', 2046363),
(805, 1, 'Gomez Martinez Itzel Alejandra', 2046107),
(806, 1, 'Hernandez Montenegro Pablo Cesar', 2046391),
(807, 1, 'Martinez Baeza Marisela', 2046334),
(808, 1, 'Mosqueda Ramirez Jesus Francisco', 2046309),
(809, 1, 'Nunez Gomez Pamela Elizabeth', 2046426),
(810, 1, 'Ochoa Michelena Flor Alejandra', 2046080),
(811, 1, 'Ornelas Villegas Michael', 2046395),
(812, 1, 'Orozco Hernandez Gerardo Jair', 2046352),
(813, 1, 'Perez Zavala Jossie Anaid', 2046781),
(814, 1, 'Plaza Ramirez Monica Estefani', 2046318),
(815, 1, 'Rodriguez Goytortuo Cristhian', 2046360),
(816, 1, 'Santamaria Turrubiates Yubia Lucia', 2046296),
(817, 1, 'Tafoya Zaragoza Cipriano', 2046297),
(818, 1, 'Villarreal Flores Martha Alejandra', 2045971),
(819, 1, 'Alfaro Silva Leslie Estefania', 2046869),
(820, 1, 'Cardenas Ortega Leslie Giovanna', 2046860),
(821, 1, 'Cisneros Oviedo Alan', 2046871),
(822, 1, 'Gama Coria Eloy De Los Santos', 2046786),
(823, 1, 'Herrera Ovalle Laura', 2046949),
(824, 1, 'Jasso Jasso Maria Guadalupe', 2046875),
(825, 1, 'Juarez Lesso Ingrid Miroslava', 2046829),
(826, 1, 'Lopez Arzola Maria Guadalupe', 2046876),
(827, 1, 'Mejia Rosas Dafne Daniela', 2046924),
(828, 1, 'Rodriguez Flores Alejandra Joselinne', 2046899),
(829, 1, 'Rodriguez Ledesma Karla Ivette', 2046835),
(830, 1, 'Urvieta Gonzalez Abril Andrea', 2046894),
(831, 1, 'Balderas Pena Sandra Elizabeth', 2046700),
(832, 1, 'Barcenas Valenzuela Nicole Guadalupe', 2046638),
(833, 1, 'Cisneros Fonseca Alondra', 2046682),
(834, 1, 'Echeveste Ruiz Mariaelena', 2046663),
(835, 1, 'Gasca Perez Andrea', 2046765),
(836, 1, 'Granados Arriaga Kenya Yazmin', 2046803),
(837, 1, 'Guerra Tinajero Arlhet Karina', 2046566),
(838, 1, 'Lopez Mosqueda Maria Fernanda', 2046660),
(839, 1, 'Parada Rodriguez Martha Beatriz', 2046674),
(840, 1, 'Rangel Gone Ximena Michelle', 2046652),
(841, 1, 'Renteria Mendoza Mariana', 2046667),
(842, 1, 'Zavala Murillo Luz Lisset', 2046658),
(843, 1, 'Alonso Salazar Silvia', 2046496),
(844, 1, 'Baeza Navarro Jose Jesus', 2046545),
(845, 1, 'Bernabe Nunez Aranza Paola', 2046479),
(846, 1, 'Cabrera Hidalgo Elizabeth', 2046544),
(847, 1, 'Carriles Hernandez Ana Valeria', 2046480),
(848, 1, 'Corona Magana Bernardo De Jesus', 2046310),
(849, 1, 'Diaz Sanchez Estefania', 2046464),
(850, 1, 'Espinoza Salas Julio Israel', 2046459),
(851, 1, 'Fuentes Mendez Diana Laura', 2046481),
(852, 1, 'Gutierrez Pizano Luz Arely', 2046517),
(853, 1, 'Novoa Goncalves Kleber Luan', 2046474),
(854, 1, 'Pedraza Alvarez Gerardo', 2046552),
(855, 1, 'Ramirez Castro Michelle Alejandra', 2046470),
(856, 1, 'Ramirez Medina Nayeli Guadalupe', 2046466),
(857, 1, 'Reyes Roa Isaac Orlando', 2046353),
(858, 1, 'Saldierna Gonzalez Laura Fernanda', 2046499),
(859, 1, 'Sierra Mendoza Delfino Daniel', 2046527),
(860, 1, 'Silva Barbosa Laura Estrella', 2046211),
(861, 1, 'Turrubiates Jimenez Sarahi', 2046530),
(862, 1, 'Vazquez Arias Daniela Janette', 2046478),
(863, 1, 'Almanza Corona Mariana De Jesus', 2046410),
(864, 1, 'De La Torre Munoz Ana Sofia', 2046364),
(865, 1, 'Figon Castro Elyane Estephany', 2046280),
(866, 1, 'Gallardo Conejo Gabriela', 2046275),
(867, 1, 'Granados Guerra Diana Laura', 2046277),
(868, 1, 'Grande Alvarado Noheli Amayrani', 2046304),
(869, 1, 'Medina Lara Irene Guadalupe', 2046456),
(870, 1, 'Mena Martinez Silvia Fernanda', 2046398),
(871, 1, 'Navarrete Cerda Uriel Josafat', 2046299),
(872, 1, 'Ortega Nilo Inigo Joan', 2046418),
(873, 1, 'Perez Serrano Julio Cesar', 2046319),
(874, 1, 'Robledo Chavez Manuel', 2046110),
(875, 1, 'Robles Cuellar Mariana Elizabeth', 2046431),
(876, 1, 'Tovar Frias Diana Itzel', 2046383),
(877, 1, 'Vallejo Rico Andrea Estefania', 2046337),
(878, 1, 'Aguilar Medina Daniel', 2100174),
(879, 1, 'Armenta Armenta Oscar', 2100173),
(880, 1, 'Barron Herrera Bryan Alberto', 2100190),
(881, 1, 'Campos Bribiesca Veronica', 2100166),
(882, 1, 'Caudillo Herrera Israel', 2100186),
(883, 1, 'Chavez Cordova Adamari', 2100158),
(884, 1, 'Chavez Tolentino Nancy', 2100194),
(885, 1, 'Cisneros Cisneros Nancy Guadalupe', 2100184),
(886, 1, 'Coss Navarrete Alan Francisco', 2100172),
(887, 1, 'Cruz Barbosa Daniela', 2100180),
(888, 1, 'Echeveria Gallegos Vania Yitssell', 2100161),
(889, 1, 'Garcia Espinoza Juan Luis', 2100181),
(890, 1, 'Gonzalez Torres Raul Enrique', 2100163),
(891, 1, 'Guzman Hernandez Marcos Jaasiel', 2100171),
(892, 1, 'Guzman Herrera Christopher Alejandro', 2100162),
(893, 1, 'Hernandez Ayala Sergio Daniel', 2100160),
(894, 1, 'Hernandez Juarez Jesus Donaldo', 2100185),
(895, 1, 'Ibarra Cardenas Valeria Estefania', 2100155),
(896, 1, 'Morales Cornejo Juan Uriel', 2100177),
(897, 1, 'Morales Correa Saul Abraham', 2100191),
(898, 1, 'Mota Aguilar Angel Isai', 2100164),
(899, 1, 'Negrete Elizarraraz Maria Jose', 2100182),
(900, 1, 'Perez Mosqueda Anahi Yuliana', 2100187),
(901, 1, 'Rabago Perez Jorge Diego', 2100195),
(902, 1, 'Ramirez Vazquez Erick Vahir', 2100196),
(903, 1, 'Robles Banda Andrea Guadalupe', 2100157),
(904, 1, 'Salinas Turrubiates Roberto Arturo', 2100167),
(905, 1, 'Sierra Medina Alma Isabel', 2100183),
(906, 1, 'Torres Barron Kevin Steve', 2100178),
(907, 1, 'Cervantes Contreras Miguel Angel', 2100147),
(908, 1, 'Falcon Delgado Leonardo Rafael', 2100124),
(909, 1, 'Garcia Delgado Juan Alberto', 2100087),
(910, 1, 'Garcia Gonzalez Isaac Daniel', 2100143),
(911, 1, 'Gomez Ortega Luis Isaac', 2100110),
(912, 1, 'Guzman Garcia Sergio Antonio', 2100139),
(913, 1, 'Hernandez Silva Guadalupe Omar', 2100156),
(914, 1, 'Martinez Flores Fabiola Sarahi', 2100136),
(915, 1, 'Nieto Infante Joel', 2100122),
(916, 1, 'Orenday Negrete Abraham Isaac', 2100001),
(917, 1, 'Ponce Maldonado Alexis', 2100127),
(918, 1, 'Ramirez Villanueva Leonel Fernando', 2100019),
(919, 1, 'Robledo Aviles Jorge Ruben', 2100140),
(920, 1, 'Romero Ramirez Pedro Alberto', 2100123),
(921, 1, 'Alvarado Hernandez Araceli Del Carmen', 2100103),
(922, 1, 'Buenrostro Gutierrez Elihu Antonio', 2100104),
(923, 1, 'Cordoba Salas Claudia Isabel', 2100083),
(924, 1, 'Garcia Rodriguez Juan Antonio', 2100089),
(925, 1, 'Oviedo Guadarrama Fernanda', 2100102),
(926, 1, 'Rivera Osorio Alan Eduardo', 2100105),
(927, 1, 'Rodriguez Ortega Juan De Dios', 2100111),
(928, 1, 'Rodriguez Pescador Salvador Arturo', 2100081),
(929, 1, 'Ruiz Munoz Jesus Eduardo', 2100090),
(930, 1, 'Serrano Barajas Luis Fernando', 2100099),
(931, 1, 'Vazquez Gonzalez Kathia Patricia', 2100082),
(932, 1, 'Vidal Uribe Gabriel', 2100108),
(933, 1, 'Viveros Salamanca Sofia', 2100098),
(934, 1, 'Buenrostro Garcia Suria Dyhana', 2603076),
(935, 1, 'Contreras Cuellar Casandra', 2603058),
(936, 1, 'Gonzalez Rico Francisco Manuel', 2603103),
(937, 1, 'Ledesma Flores Dania Magdalena', 2603096),
(938, 1, 'Lopez Bautista Miguel Eduardo', 2603053),
(939, 1, 'Lopez Briones Jose Julian', 2602383),
(940, 1, 'Lopez Rodriguez Alejandra', 2603064),
(941, 1, 'Mares Vazquez Carina Lizett', 2603098),
(942, 1, 'Monroy Fernandez Alejandra', 2603101),
(943, 1, 'Monroy Fernandez Edwin', 2603050),
(944, 1, 'Rincon Vazquez Juan Martin', 2603023),
(945, 1, 'Rodriguez Duenas Maria Luisa', 2603070),
(946, 1, 'Ruiz Diaz Juan Antonio', 2603085),
(947, 1, 'Salazar Serrano Lucia Esmeralda', 2603081),
(948, 1, 'Barrera Morelos Amaury', 2602856),
(949, 1, 'Enriquez Espitia Victor Hugo', 2602842),
(950, 1, 'Garza Bideau Raul', 2602811),
(951, 1, 'Gonzalez Vega Krisna Euridice', 2602800),
(952, 1, 'Lopez Huichapa Francisco Javier', 2602839),
(953, 1, 'Medrano Hernandez Rafael', 2602853),
(954, 1, 'Tolentino Hernandez Juan Manuel', 2602843),
(955, 1, 'Alcala Jimenez Valeria Alejandra', 2602879),
(956, 1, 'Arreguin Garcia Francisca Jaqueline', 2602950),
(957, 1, 'Baeza Yepez Alejandro', 2602951),
(958, 1, 'Bustos Solache Daniel Efrain', 2603009),
(959, 1, 'Cabal Garza Roberto Daniel', 2602998),
(960, 1, 'Hernandez Garcia Jose Gerardo', 2603041),
(961, 1, 'Hernandez Roque Sanjuana  Aricela', 2602985),
(962, 1, 'Lopez Crespo Maria Susana', 2603048),
(963, 1, 'Lugo Elias Elvira', 2603031),
(964, 1, 'Martinez Aguilar Linda Nemesia', 2602919),
(965, 1, 'Martinez Jaramillo Julieta Amairany', 2603044),
(966, 1, 'Orenday Fonseca Abel', 2602892),
(967, 1, 'Partida Munoz Edgar', 2600637),
(968, 1, 'Rico Castro Anabel', 2602954),
(969, 1, 'Rodriguez alvarez Juana Janelly', 2602927),
(970, 1, 'Rodriguez Campos Adrian', 2603032),
(971, 1, 'Rojas Olvera Maria Guadalupe', 2602915),
(972, 1, 'Gomez Pantoja Jose Antonio', 2603063),
(973, 1, 'Magdaleno Alejos Alejandra', 2603066),
(974, 1, 'Mandujano  Araceli', 2603054),
(975, 1, 'Rodriguez Bueno Perez Miguel angel', 2603049),
(976, 1, 'Rosales Arevalo Itzel Aide', 2602996),
(977, 1, 'Salas Arriaga Juan Antonio', 2603068),
(978, 1, 'Sandoval Ramirez Victor Manuel', 2602874),
(979, 1, 'Uribe Santoyo Emilio', 2603099),
(980, 1, 'Valdez Mendez Beatriz Cristina', 2603055),
(981, 1, 'Vidal Moreles Silvia', 2603091),
(982, 1, 'Cardenas Conejo Pedro', 2602860),
(983, 1, 'Flores Lara Ramon', 2602978),
(984, 1, 'Gallegos Robles Marco Antonio', 2602844),
(985, 1, 'Hernandez Jimenez Joana Berenice', 2602897),
(986, 1, 'Laguna Cordoba Perla Cristina', 2602906),
(987, 1, 'Lopez Gonzalez Diego Ezequiel', 2602815),
(988, 1, 'Murillo Ledesma Alma Delia', 2602840),
(989, 1, 'Paz Munoz Jorge', 2602986),
(990, 1, 'Perez Patino Silverio Mauricio', 2602820),
(991, 1, 'Ramirez Elias Gilberto', 2602827),
(992, 1, 'Robles Alfaro Veronica', 2602826),
(993, 1, 'Rosiles Arredondo Alejandra', 2602831),
(994, 1, 'Vega Echeverria Julio Cesar', 2602833),
(995, 1, 'Yanez Medina Christian Raul', 2603003),
(996, 1, 'Acosta Gonzalez Edgar', 2602952),
(997, 1, 'Almanza Garcia Areli Esmeralda', 2602922),
(998, 1, 'Baca Saldana Kimberly Scarlet', 2602940),
(999, 1, 'Bermudez Lopez Sandra', 2602936),
(1000, 1, 'Cardenas Garcia Tania', 2602891),
(1001, 1, 'Cortez Centeno Adriana Elizabeth', 2602969),
(1002, 1, 'Diaz Ramirez Juana Berenice', 2602904),
(1003, 1, 'Garcia Ortega Eduardo', 2602903),
(1004, 1, 'Gomezpuente Ayala Karla', 2602812),
(1005, 1, 'Hernandez Rivera Iris Lucero', 2602991),
(1006, 1, 'Lopez Torres Cesar Antonio', 2602934),
(1007, 1, 'Lozano Juarez Jeanett', 2602924),
(1008, 1, 'Morales Gallegos Oscar Gerardo', 2602912),
(1009, 1, 'Murillo Garcia Gustavo', 2602939),
(1010, 1, 'Ortiz Pichardo Maria Cristina', 2602876),
(1011, 1, 'Perez Mejia Carlos Armando', 2602929),
(1012, 1, 'Reyes Aguilar Angelica', 2602894),
(1013, 1, 'Villalpando Hernandez Pedro Damian', 2602976),
(1014, 1, 'alvarez Perez Hector Alejandro', 2603071),
(1015, 1, 'Cano Nieto David Leonardo', 2603034),
(1016, 1, 'Florez Uribe Carlos German', 2602899),
(1017, 1, 'Garzon Villa Raul Ismael', 2602883),
(1018, 1, 'Gonzalez Suarez Maria Teresa', 2602754),
(1019, 1, 'Ibarra Rodriguez Laura Cristina', 2602999),
(1020, 1, 'Moreno Blancarte Norma Edith', 2603087),
(1021, 1, 'Pinera Castillo Edith', 2603097),
(1022, 1, 'Ramirez Lara Olga Maria', 2603083),
(1023, 1, 'Regina Cirenia Corrales Almanza', 2602745),
(1024, 1, 'Reyes Carrillo Hector', 2603012),
(1025, 1, 'Rodriguez Chico Alejandra Monserrat', 2603015),
(1026, 1, 'Urbina Cano Alan Adriel', 2602900),
(1027, 1, 'Ayala Juan', 2603010),
(1028, 1, 'Fernandez Garcia Ytzamat Mexicatl', 2603036),
(1029, 1, 'Fonseca Martinez Eduardo', 2603024),
(1030, 1, 'Garcia Gordillo Abel', 2602961),
(1031, 1, 'Guerrero Hernandez Noe', 2603045),
(1032, 1, 'Lopez Toledo Martin Antonio', 2603001),
(1033, 1, 'Palomares Martinez Osvaldo Radames', 2603022),
(1034, 1, 'Perez Mosqueda Laura Karen', 2603028),
(1035, 1, 'Ramirez Fernandez Diego Enrique', 2603059),
(1036, 1, 'Ruelas Mendieta Maria Edith', 2603094),
(1037, 1, 'Soria Cabrera Karla Marisol', 2602885),
(1038, 1, 'Vasquez Cacique Lucia Guadalupe', 2603052),
(1039, 1, 'Barcenas Corona Luis Eduardo', 2602766),
(1040, 1, 'Carmona Toledo Everardo', 2602763),
(1041, 1, 'Herreda Salazar Luis Julian', 2602675),
(1042, 1, 'Linares Segovia Jaime Pascual', 2602781),
(1043, 1, 'Morales Lopez Miriam Alejandra', 2602774),
(1044, 1, 'Olvera Robles Norma Andreina', 2602765),
(1045, 1, 'Raya Pantoja Jose Alan', 2602785),
(1046, 1, 'Salas Contreras Marcos', 2602775);
INSERT INTO `alumno` (`ID_Usuario`, `ID_Grupo`, `Nombre`, `Matricula`) VALUES
(1047, 1, 'Sierra Conejo Viridiana', 2602847),
(1048, 1, 'Vallejo Perez Ma. Reyna', 2602687),
(1049, 1, 'Aguilera Granados Ruben Alejandro', 2603040),
(1050, 1, 'Castillo Rocha Jorge', 2603062),
(1051, 1, 'Gallegos Lopez Josue Neftali', 2602873),
(1052, 1, 'Guerrero Munoz Agustin', 2603039),
(1053, 1, 'Gutierrez Lozano Tobias Eleazar', 2603021),
(1054, 1, 'Manon Vallejo Cristabel', 2603033),
(1055, 1, 'Quintanilla Vazquez Mayra Maria', 2602943),
(1056, 1, 'Rendon Trujillo Jose Salvador', 2602809),
(1057, 1, 'Torres Ramos Alondra Hazel', 2602909),
(1058, 1, 'Vallejo Mora Mayra Del Socorro', 2603073),
(1059, 1, 'Alvarez Gutierrez Maria Mercedes', 2602968),
(1060, 1, 'Andrade Vega Juan Manuel', 2602923),
(1061, 1, 'Avila Morales Jose Luis', 2602979),
(1062, 1, 'Avila Perez Jose Luis', 2602973),
(1063, 1, 'Cardenas Lorenzzini Adrian', 2602913),
(1064, 1, 'Ledesma Tavera Sergio Javier', 2602928),
(1065, 1, 'Muniz Ortega Juan Jacobo', 2602958),
(1066, 1, 'Navarro Barquin Ricardo', 2602801),
(1067, 1, 'Navarro Lara Alma Gabriela', 2602963),
(1068, 1, 'Ortega Rangel Maria Jazmin', 2602953),
(1069, 1, 'Penaflor Chable Maria Angelica', 2602967),
(1070, 1, 'Rangel Hernandez Miguel De Jesus', 2602965),
(1071, 1, 'Rivera Valenzuela Jose Javier', 2602955),
(1072, 1, 'Ruiz Canchola Diana Aurora', 2602914),
(1073, 1, 'Arriaga Rojas Justino Eugenio', 2602755),
(1074, 1, 'Bravo Cardenas Horacio', 2602770),
(1075, 1, 'De La Vega Mayagoitia Carlos Francisco', 2602778),
(1076, 1, 'Garcia Gonzalez Maria Susana', 2602756),
(1077, 1, 'Garcia Reyes Fatima Guadalupe', 2602761),
(1078, 1, 'Gutierrez Rea Maria Elizabeth', 2602784),
(1079, 1, 'Gutierrez Romero Yazmin Del Carmen', 2602764),
(1080, 1, 'Herandez Garnica Rogelio', 2602759),
(1081, 1, 'Hernandez Nava Victor Fernando', 2602767),
(1082, 1, 'Mendez Chipres Enrique', 2602751),
(1083, 1, 'Mendez Serna Sergio Eduardo', 2602746),
(1084, 1, 'Rosales Alcantara Rogelio', 2602773),
(1085, 1, 'Salinas Salazar Alfredo', 2602744),
(1086, 1, 'Solorzano Ramirez Juan', 2602753),
(1087, 1, 'Torres Gonzalez Daniel', 2602757),
(1088, 1, 'Barajas Chavez Maria Jose', 2602972),
(1089, 1, 'Bolivar Alonzo Sofia', 2602925),
(1090, 1, 'Castillo Vargas Juan Manuel', 2602974),
(1091, 1, 'Dominguez Cadena Rubi', 2602933),
(1092, 1, 'Garcia Martinez Martha Aide', 2602932),
(1093, 1, 'Garcia Miranda Alejandro', 2602944),
(1094, 1, 'Gonzalez Frias Mariana', 2602941),
(1095, 1, 'Hernandez Farfan Jose Ernesto', 2602910),
(1096, 1, 'Lara Arg', 2602935),
(1097, 1, 'Leon Butanda Jaina', 2602970),
(1098, 1, 'Mata Barragan Elvira Patricia', 2602875),
(1099, 1, 'Morales Garcia Estefania Jaqueline', 2602930),
(1100, 1, 'Ramirez Vazquez Silvia Fatima', 2602880),
(1101, 1, 'Solis Diaz Ricardo', 2602964),
(1102, 1, 'Vargas Hernandez Maria Del Carmen', 2602870),
(1103, 1, 'Villalon Macias Jhoana Yamhve', 2602989),
(1104, 1, 'Aguilar Perez Diana Del Carmen', 2602668),
(1105, 1, 'Blanco Almanza Martha Leticia', 2602642),
(1106, 1, 'Charre Linan Araceli', 2602742),
(1107, 1, 'Garcia Orozco Karla Georgina', 2602689),
(1108, 1, 'Gonzalez Bravo Maria Cristina', 2602697),
(1109, 1, 'Gonzalez Gonzalez Bibiana Palmira', 2602635),
(1110, 1, 'Hernandez Perez Ingrid', 2602676),
(1111, 1, 'Jaramillo Almaguer Jorge Enrique', 2602724),
(1112, 1, 'Marchan Maciel Cynthia Yasmin', 2602617),
(1113, 1, 'Martinez Gonzalez Efrain', 2602686),
(1114, 1, 'Montoya Castillo Jose Antonio', 2602710),
(1115, 1, 'Morales Martinez Elva Alejandra', 2602728),
(1116, 1, 'Mosqueda Montenegro Maricela Josefina', 2602623),
(1117, 1, 'Pina Sosa Jacobo', 2602723),
(1118, 1, 'Prieto Gutierrez Mayra Alejandra', 2602638),
(1119, 1, 'Ramirez Contreras Rosa Gabriela', 2602496),
(1120, 1, 'Ramirez Olvera Maria Lorena', 2602725),
(1121, 1, 'Ruiz De La Garza Alondra', 2602656),
(1122, 1, 'Ruiz Toledo Marco Aurelio', 2602646),
(1123, 1, 'Vega Trejo Veronica', 2602619),
(1124, 1, 'Villegas Femat Susana Eugenia', 2602696),
(1125, 1, 'Zamudio Gonzalez Gabriela Lorena', 2602737),
(1126, 1, 'Alvarado Claudia', 2603020),
(1127, 1, 'Avila Nunez Marisol', 2603014),
(1128, 1, 'Bolanos Arias Jose Julio', 2602966),
(1129, 1, 'Camacho Lopez Mario', 2602889),
(1130, 1, 'Contreras Palacios Veronica', 2603006),
(1131, 1, 'De Arriba Calvo Antonia', 2602946),
(1132, 1, 'Gonzalez De Anda Claudia Daniela', 2603004),
(1133, 1, 'Gutierrez Garcia Julieta Anahi', 2603029),
(1134, 1, 'Gutierrez Sanchez Francisco Javier', 2602995),
(1135, 1, 'Hernandez Pacheco Martina', 2602896),
(1136, 1, 'Ledesma Grimaldo Georgina Alejandra', 2603027),
(1137, 1, 'Luna Sanchez Alejandra', 2603007),
(1138, 1, 'Morales Delgado Tania Eunice', 2603017),
(1139, 1, 'Palomares Torres Noe Maximiliano', 2603002),
(1140, 1, 'Pantoja Gonzalez Giovanne', 2602867),
(1141, 1, 'Ramirez Gutierrez Juan Pablo', 2603005),
(1142, 1, 'Ramirez Ramirez Juan Pablo', 2603016),
(1143, 1, 'Rodriguez Alonso Denise', 2603013),
(1144, 1, 'Rosas Gonzalez Ana Paulina', 2603026),
(1145, 1, 'Vaca Rico Nancy Alejandra', 2603111),
(1146, 1, 'Zaragoza Gallaga Flor Gabriela', 2603035),
(1147, 1, 'Camacho Ramirez Juana Fabiola', 2602600),
(1148, 1, 'Cardenas Garcia Adolfo', 2602739),
(1149, 1, 'Castro Cespedes Rosalba', 2602589),
(1150, 1, 'Cruz Gonzalez Ma. Teresa', 2602645),
(1151, 1, 'Duarte Torres Jose Antonio', 2602681),
(1152, 1, 'Garza Ojeda Rosalba', 2602693),
(1153, 1, 'Gonzalez Morales Jaime', 2602624),
(1154, 1, 'Gonzalez Prieto Paola Estefania', 2602592),
(1155, 1, 'Ledesma Mendoza Alejandro', 2602597),
(1156, 1, 'Neri Lopez Juana Guillermina', 2602683),
(1157, 1, 'Perez Hernandez Juan Carlos', 2602655),
(1158, 1, 'Ramirez Gomez Jose Manuel', 2602596),
(1159, 1, 'Rivas Mosqueda Claudia Patricia', 2602610),
(1160, 1, 'Soto Villanueva Laura', 2602599),
(1161, 1, 'Zavala Gonzalez Viridiana', 2602719),
(1162, 1, 'Aboites Arredondo J. Adrian', 400049),
(1163, 1, 'Alba Aguilar Maria Guadalupe', 400458),
(1164, 1, 'Ambriz Bernal Maria Del Carmen Auxilio', 400823),
(1165, 1, 'Arellano Lubiano Giovanni', 400820),
(1166, 1, 'Baez Pena Blanca Estela', 400194),
(1167, 1, 'Barron Villafana Manuel', 400547),
(1168, 1, 'Castanon Chavarria Luz Maria Guadalupe', 400863),
(1169, 1, 'Chavez Soto Luz Enriqueta', 400255),
(1170, 1, 'Chavira Espinosa Hector Felipe', 400651),
(1171, 1, 'Contreras Miranda Citlalli Ibeth', 400553),
(1172, 1, 'Cruz Calderon Susana', 400743),
(1173, 1, 'Flores Arguello Meliton', 400259),
(1174, 1, 'Flores Gomez Ignacio Eduardo', 400901),
(1175, 1, 'Garcia Anda Nancy Janet', 400679),
(1176, 1, 'Gonzalez Gonzalez Rogaciano', 400609),
(1177, 1, 'Guerrero Cardiel Maria Del Carmen', 400754),
(1178, 1, 'Gutierrez Garcia Raul Alejandro', 400880),
(1179, 1, 'Hernandez Farfan Jose Ernesto', 400836),
(1180, 1, 'Hernandez Hernandez Armando', 400022),
(1181, 1, 'Jimenez Salcedo Aaron', 400873),
(1182, 1, 'Kinney Garcia Maria Guadalupe', 400191),
(1183, 1, 'Lara Gallegos Pedro', 400762),
(1184, 1, 'Ledesma Fonseca Jose Carmen', 400598),
(1185, 1, 'Ledesma Orozco Lidia Raquel', 400174),
(1186, 1, 'Linares Lozano Leonardo', 400431),
(1187, 1, 'Lopez Cepeda Gerardo', 400172),
(1188, 1, 'Lopez Montes De Oca Jose Alberto', 400365),
(1189, 1, 'Martinez Morales Diana', 400833),
(1190, 1, 'Martinez Sanchez Miguel angel', 400808),
(1191, 1, 'Montoya Castillo Jose Antonio', 400835),
(1192, 1, 'Munoz Hernandez Jorge', 400567),
(1193, 1, 'Nava Bautista Maria Del Rocio', 400678),
(1194, 1, 'Olivares Zarate Francisco', 400212),
(1195, 1, 'Orozco Arredondo Carolina', 400030),
(1196, 1, 'Orozco Garcia Ana Isabel', 400804),
(1197, 1, 'Orozco Solis Florencio', 400336),
(1198, 1, 'Ortega Garcia Jose De Jesus', 400184),
(1199, 1, 'Padilla Garcia Aurora Vanessa', 400857),
(1200, 1, 'Perez Martinez Alejandro', 400205),
(1201, 1, 'Ponce Sosa Graciela', 400520),
(1202, 1, 'Quiroz Ramirez Maria Fernanda', 400809),
(1203, 1, 'Ramirez Mendoza Cecilia Asyadeth', 400644),
(1204, 1, 'Reyes Fernando', 400358),
(1205, 1, 'Reyes Espino Victor Manuel', 400314),
(1206, 1, 'Reyna Lopez Maria Soledad', 400697),
(1207, 1, 'Rocha Alonso Olivia', 400004),
(1208, 1, 'Rojas Cabrera Maria De Los Angeles', 400628),
(1209, 1, 'Ruiz Toledo Marco Aurelio', 400761),
(1210, 1, 'Sanchez Ruiz Abraham', 400918),
(1211, 1, 'Sepulveda Granados Jannely', 400858),
(1212, 1, 'Sepulveda Soto Jose Luis', 400137),
(1213, 1, 'Sotelo Texta Yolanda Elizeth', 400350),
(1214, 1, 'Tejeda Munoz Rosa Del Consuelo', 400616),
(1215, 1, 'Torpey Crespo Juan Pablo', 400642),
(1216, 1, 'Valle Macias Maria De Guadalupe', 400681),
(1217, 1, 'Vazquez Estrada Alfredo', 400110),
(1218, 1, 'Vazquez Sepulveda Ma. Luisa', 400210),
(1219, 1, 'Gonzalez Gomez Roberto Carlos', 400822),
(1220, 1, 'Segura Ricano Juan Rene', 400755),
(1221, 1, 'Chavez Cepeda Gloria Luz', 400352),
(1222, 1, 'Cortez Mendizabal Cesar Enrique', 400343),
(1223, 1, 'Galvan Espinosa Esperanza', 400280),
(1224, 1, 'Gamino Conejo Miriam', 400580),
(1225, 1, 'Gomez De Julian Carlos Alberto', 400341),
(1226, 1, 'Lopez Ortega Elda Guillermina', 400308),
(1227, 1, 'Luna Saenz Judith', 400278),
(1228, 1, 'Mendoza Sanchez Tanya Aidee', 400635),
(1229, 1, 'Ramirez Magana Jessica', 400868),
(1230, 1, 'Razo Colunga Luis Omar', 400564),
(1231, 1, 'Regalado Villalobos Rosa Del Carmen', 400852),
(1232, 1, 'Saenz Hernandez Elizabeth', 400636),
(1233, 1, 'Villalobos Ocampo Carmina', 400393),
(1234, 1, 'Arellano Nunez Alan', 400769),
(1235, 1, 'Aviles Miranda Eduardo', 400777),
(1236, 1, 'Cuevas Acosta Jose Carmen Noe', 400699),
(1237, 1, 'Escobar Acevedo Marco Antonio', 400879),
(1238, 1, 'Garcia Montoya Marco Antonio', 400180),
(1239, 1, 'Garcia Ramos Martin Gonzalo', 400116),
(1240, 1, 'Garcia Sierra Gerardo', 400502),
(1241, 1, 'Gonzalez Arellano Ma. Guadalupe', 400845),
(1242, 1, 'Hernandez Araujo Ivan Fernando', 400817),
(1243, 1, 'Lozano Juarez Jeanett', 400688),
(1244, 1, 'Martinez Rizo Luis Octavio', 400871),
(1245, 1, 'Mendoza Hernandez Emmanuel', 400838),
(1246, 1, 'Montecillos Soto Enrique', 400491),
(1247, 1, 'Morales Maldonado Enrique', 400368),
(1248, 1, 'Ortega Rodriguez Gabriel', 400766),
(1249, 1, 'Rodriguez Bravo Humberto', 400803),
(1250, 1, 'Ruiz Negrete Juan Manuel', 400841),
(1251, 1, 'Sanchez Castillo Juana Ana Maria', 400028),
(1252, 1, 'Hernandez Calvillo Joel', 400897),
(1253, 1, 'Hernandez Figueroa Miguel angel', 400781),
(1254, 1, 'Soria alvarez Luis', 400900),
(1255, 1, 'Aguirre Almanza Yuliana', 400624),
(1256, 1, 'Amezquita Ayala Bertel Fernando', 400728),
(1257, 1, 'Arroyo Acosta Maria Andrea', 400784),
(1258, 1, 'Cansigno Ortiz Cinthia Areli', 400753),
(1259, 1, 'Diosdado Martinez Estefania Del Carmen', 400898),
(1260, 1, 'Dominguez Cadena Priscila', 400912),
(1261, 1, 'Dominguez Deanda Luis Manuel', 400872),
(1262, 1, 'Gallardo Miranda Alma Clementina', 400119),
(1263, 1, 'Garza Ojeda Rosalba', 400924),
(1264, 1, 'Gasca Belman Jesus Eduardo', 400785),
(1265, 1, 'Gomez Barroso Enrique', 400173),
(1266, 1, 'Gomez Perez Maria Guadalupe', 400717),
(1267, 1, 'Greer Frias Laura Georgina', 400665),
(1268, 1, 'Hernandez Baltierra Claudia Rosario', 400251),
(1269, 1, 'Ibarra Rodriguez Alfredo', 400494),
(1270, 1, 'Lara Salmeron Jose Luis', 400130),
(1271, 1, 'Macias Garcia Agustin', 400182),
(1272, 1, 'Mancera Jaramillo Rocio Guadalupe', 400331),
(1273, 1, 'Osorio Fernandez Sonia Guadalupe', 400589),
(1274, 1, 'Ramos Granados Edgar Miguel', 400396),
(1275, 1, 'Reyes Amor Jose Roberto', 400752),
(1276, 1, 'Reyes Guzman Gerardo', 400914),
(1277, 1, 'Reyes Zamora Eduardo', 400379),
(1278, 1, 'Rico Ramirez Esther', 400175),
(1279, 1, 'Romero Gonzalez Alfonso', 400394),
(1280, 1, 'Rostro Hernandez Perla Esperanza', 400694),
(1281, 1, 'Tapia Ortega Jose Noe', 400128),
(1282, 1, 'Venegas Hernandez Luz Veronica', 400546),
(1283, 1, 'Villafana Lopez Ericka', 400581),
(1284, 1, 'Zavala Izquierdo Salvador', 400292),
(1285, 1, 'Delgado Solorio Maryann', 400919),
(1286, 1, 'Hernandez Godoy Luis Enrique', 400827),
(1287, 1, 'Moreno Sanchez Silvia Libertad', 400921),
(1288, 1, 'Sanchez Leon Jorge Humberto', 400945),
(1289, 1, 'Acosta Gomez Maria Guadalupe', 400689),
(1290, 1, 'Anaya Mancilla Nemesio', 400470),
(1291, 1, 'Farfan Trejo Mabel', 400062),
(1292, 1, 'Farfan Trejo Sara', 400021),
(1293, 1, 'Garcia Orozco Karla Georgina', 400840),
(1294, 1, 'Garcia Perez Blanca Lidia', 400354),
(1295, 1, 'Guzman Cabrera Rafael', 400228),
(1296, 1, 'Monroy Barrientos Ivan', 400640),
(1297, 1, 'Montecillos Soto Jose Jesus', 400267),
(1298, 1, 'Ramirez Castro Susana', 400063),
(1299, 1, 'Ramirez Villagran Jose Alfredo', 400504),
(1300, 1, 'Romero Ramirez Marco Antonio', 400492),
(1301, 1, 'Ruiz Frias Ernesto', 400373),
(1302, 1, 'Vazquez Martinez Jose Juan', 400771);

-- --------------------------------------------------------

--
-- Estructura de tabla para la tabla `asistencia`
--

CREATE TABLE IF NOT EXISTS `asistencia` (
  `ID_Asistencia` int(11) NOT NULL AUTO_INCREMENT,
  `ID_Matrcula` int(11) NOT NULL,
  `ID_Clase` int(11) NOT NULL,
  `ID_Sala` int(11) NOT NULL,
  `Tipo` varchar(30) COLLATE utf8_spanish_ci NOT NULL,
  `Fecha` date NOT NULL,
  `Hora` time NOT NULL,
  `Maquina` int(11) NOT NULL,
  `Comentario` text COLLATE utf8_spanish_ci NOT NULL,
  PRIMARY KEY (`ID_Asistencia`)
) ENGINE=InnoDB DEFAULT CHARSET=utf8 COLLATE=utf8_spanish_ci AUTO_INCREMENT=1 ;

-- --------------------------------------------------------

--
-- Estructura Stand-in para la vista `asistenciaaldia`
--
CREATE TABLE IF NOT EXISTS `asistenciaaldia` (
`Matricula` int(11)
,`Nombre` varchar(80)
,`Hora_Entrada` time
,`Hora_Salida` time
,`Sala` varchar(20)
);
-- --------------------------------------------------------

--
-- Estructura Stand-in para la vista `asistenciaaldiaclase`
--
CREATE TABLE IF NOT EXISTS `asistenciaaldiaclase` (
`Matricula` int(11)
,`Nombre` varchar(80)
,`Hora_Entrada` time
,`Hora_Salida` time
,`Sala` varchar(20)
);
-- --------------------------------------------------------

--
-- Estructura de tabla para la tabla `carrera`
--

CREATE TABLE IF NOT EXISTS `carrera` (
  `ID_Carrera` int(11) NOT NULL AUTO_INCREMENT,
  `Escuela` varchar(180) COLLATE utf8_spanish_ci NOT NULL,
  `Carrera` varchar(180) COLLATE utf8_spanish_ci NOT NULL,
  `Periodo` varchar(180) COLLATE utf8_spanish_ci NOT NULL,
  `Nivel` varchar(180) COLLATE utf8_spanish_ci NOT NULL,
  PRIMARY KEY (`ID_Carrera`)
) ENGINE=InnoDB  DEFAULT CHARSET=utf8 COLLATE=utf8_spanish_ci AUTO_INCREMENT=29 ;

--
-- Volcado de datos para la tabla `carrera`
--

INSERT INTO `carrera` (`ID_Carrera`, `Escuela`, `Carrera`, `Periodo`, `Nivel`) VALUES
(1, 'Facultad de negocios', 'Contaduria publica', 'Semestre', 'Licenciatura'),
(2, 'Facultad de negocios', 'Mercadotecnia', 'Semestre', 'Licenciatura'),
(3, 'Facultad de negocios', 'Mercadotecnia estrategica', 'Semestre', 'Licenciatura'),
(4, 'Facultad de negocios', 'Administracion de negocios', 'Semestre', 'Licenciatura'),
(5, 'Facultad de negocios', 'Negocios internacionales', 'Semestre', 'Licenciatura'),
(6, 'Facultad de negocios', 'Gestion y operacion de servicios gastronomicos', 'Semestre', 'Licenciatura'),
(7, 'Facultad de negocios', 'Turismo de negocios y reuniones', 'Semestre', 'Licenciatura'),
(8, 'Facultad de ciencias sociales y humanidades', 'Derecho', 'Semestre', 'Licenciatura'),
(9, 'Facultad de ciencias sociales y humanidades', 'Psicologia', 'Semestre', 'Licenciatura'),
(10, 'Escuela de ingenieria', 'Ingenieria industrial', 'Semestre', 'Licenciatura'),
(11, 'Facultad de ciencias sociales y humanidades', 'Entrenamiento deportivo', 'Cuatrimestre', 'Licenciatura'),
(12, 'Escuela de ingenieria', 'Automatizacion y control industrial', 'Cuatrimestre', 'Licenciatura'),
(13, 'Centro de lenguas', 'Centro de lenguas', 'Semestre', 'Licenciatura'),
(14, 'Facultad de negocios', 'Fiscal', 'Cuatrimestre', 'Licenciatura'),
(15, 'Facultad de negocios', 'Finanzas corporativas', 'Cuatrimestre', 'Licenciatura'),
(16, 'Facultad de negocios', 'Administracion de negocios', 'Cuatrimestre', 'Licenciatura'),
(17, 'Facultad de negocios', 'Publicidad y marketing estrategico', 'Cuatrimestre', 'Licenciatura'),
(18, 'Facultad de negocios', 'Logistica, despacho y defensa del comercio internacional', 'Cuatrimestre', 'Licenciatura'),
(19, 'Facultad de negocios', 'Desarrollo organizacional', 'Cuatrimestre', 'Licenciatura'),
(20, 'Facultad de ciencias sociales y humanidades', 'Derecho civil', 'Cuatrimestre', 'Licenciatura'),
(21, 'Facultad de ciencias sociales y humanidades', 'Derecho constitucional y administrativo', 'Cuatrimestre', 'Licenciatura'),
(22, 'Facultad de ciencias sociales y humanidades', 'Educacion', 'Cuatrimestre', 'Licenciatura'),
(23, 'Facultad de ciencias sociales y humanidades', 'Psicologia clinica', 'Cuatrimestre', 'Licenciatura'),
(24, 'Escuela de ingenieria', 'Ingenieria administrativa y calidad', 'Cuatrimestre', 'Licenciatura'),
(25, 'Escuela de ingenieria', 'Tecnologias web y dispositivos moviles', 'Cuatrimestre', 'Licenciatura'),
(26, 'Escuela de ingenieria', 'Redes y seguridad de la informacion', 'Cuatrimestre', 'Licenciatura'),
(27, 'Escuela de ingenieria', 'Ingenieria automotriz', 'Cuatrimestre', 'Licenciatura'),
(28, 'Bachillerato', 'Bachillerato', 'Semestral', 'Bachillerato');

-- --------------------------------------------------------

--
-- Estructura de tabla para la tabla `clase`
--

CREATE TABLE IF NOT EXISTS `clase` (
  `ID_Clase` int(11) NOT NULL AUTO_INCREMENT,
  `ID_Profesor` int(11) NOT NULL,
  `ID_Grupo` int(11) NOT NULL,
  `Soft_Solicitado` varchar(80) COLLATE utf8_spanish_ci NOT NULL,
  PRIMARY KEY (`ID_Clase`)
) ENGINE=InnoDB DEFAULT CHARSET=utf8 COLLATE=utf8_spanish_ci AUTO_INCREMENT=1 ;

-- --------------------------------------------------------

--
-- Estructura de tabla para la tabla `comentario`
--

CREATE TABLE IF NOT EXISTS `comentario` (
  `ID_Comentario` int(11) DEFAULT NULL,
  `ID_Alumno` int(11) NOT NULL,
  `Comentario` text COLLATE utf8_spanish_ci NOT NULL,
  `Fecha` datetime NOT NULL
) ENGINE=InnoDB DEFAULT CHARSET=utf8 COLLATE=utf8_spanish_ci;

--
-- Volcado de datos para la tabla `comentario`
--

INSERT INTO `comentario` (`ID_Comentario`, `ID_Alumno`, `Comentario`, `Fecha`) VALUES
(NULL, 1, 'Probando que fucione todo correcto', '0000-00-00 00:00:00');

-- --------------------------------------------------------

--
-- Estructura de tabla para la tabla `grupo`
--

CREATE TABLE IF NOT EXISTS `grupo` (
  `ID_Grupo` int(11) NOT NULL AUTO_INCREMENT,
  `ID_Profesor` int(11) NOT NULL,
  `Grupo` varchar(30) COLLATE utf8_spanish_ci NOT NULL,
  `Carrera` varchar(80) COLLATE utf8_spanish_ci NOT NULL,
  `Materia` varchar(80) COLLATE utf8_spanish_ci NOT NULL,
  `No_Alumnos` int(11) NOT NULL,
  PRIMARY KEY (`ID_Grupo`)
) ENGINE=InnoDB DEFAULT CHARSET=utf8 COLLATE=utf8_spanish_ci AUTO_INCREMENT=1 ;

-- --------------------------------------------------------

--
-- Estructura de tabla para la tabla `horario`
--

CREATE TABLE IF NOT EXISTS `horario` (
  `ID_Horario` int(11) NOT NULL AUTO_INCREMENT,
  `ID_Sala` int(11) NOT NULL,
  `ID_Clase` int(11) NOT NULL,
  `Materia` varchar(80) COLLATE utf8_spanish_ci NOT NULL,
  `HoraEntrada` time NOT NULL,
  `HoraSalida` time NOT NULL,
  `SoftwareUsado` varchar(80) COLLATE utf8_spanish_ci NOT NULL,
  `Reservado` varchar(20) COLLATE utf8_spanish_ci NOT NULL,
  `Comentarios` text COLLATE utf8_spanish_ci NOT NULL,
  PRIMARY KEY (`ID_Horario`)
) ENGINE=InnoDB DEFAULT CHARSET=utf8 COLLATE=utf8_spanish_ci AUTO_INCREMENT=1 ;

-- --------------------------------------------------------

--
-- Estructura de tabla para la tabla `horarioclase`
--

CREATE TABLE IF NOT EXISTS `horarioclase` (
  `ID_Horario` int(11) NOT NULL AUTO_INCREMENT,
  `ID_Sala` int(11) NOT NULL,
  `ID_Usuario` int(11) NOT NULL,
  `Profesor` varchar(180) COLLATE utf8_spanish_ci NOT NULL,
  `Hora_Entrada` time NOT NULL,
  `Hora_Salida` time NOT NULL,
  `Grupo` varchar(40) COLLATE utf8_spanish_ci NOT NULL,
  `Carrera` varchar(120) COLLATE utf8_spanish_ci NOT NULL,
  `Fecha` date NOT NULL,
  `Software` varchar(80) COLLATE utf8_spanish_ci NOT NULL,
  `Materia` varchar(180) COLLATE utf8_spanish_ci NOT NULL,
  `Comentarios` varchar(160) COLLATE utf8_spanish_ci NOT NULL,
  PRIMARY KEY (`ID_Horario`)
) ENGINE=InnoDB  DEFAULT CHARSET=utf8 COLLATE=utf8_spanish_ci AUTO_INCREMENT=25 ;

--
-- Volcado de datos para la tabla `horarioclase`
--

INSERT INTO `horarioclase` (`ID_Horario`, `ID_Sala`, `ID_Usuario`, `Profesor`, `Hora_Entrada`, `Hora_Salida`, `Grupo`, `Carrera`, `Fecha`, `Software`, `Materia`, `Comentarios`) VALUES
(1, 1, 4, 'Aboites Arredondo J. Adrian', '21:44:39', '22:17:06', '2323', 'Contaduria publica', '2018-07-17', 'Adobe Acrobat 9 Pro CS4 PC', 'SDFSDDFSD', 'funcona'),
(2, 1, 1, 'Aboites Arredondo J. Adrian', '15:32:27', '22:17:13', '345', 'Contaduria publica', '2018-07-18', 'Adobe Acrobat 9 Pro CS4 PC', 'dfdsf', 'funcona'),
(3, 1, 6, 'Aboites Arredondo J. Adrian', '15:40:17', '22:17:13', '345', 'Contaduria publica', '2018-07-18', 'Adobe Acrobat 9 Pro CS4 PC', 'sdfsdfsdf', 'funcona'),
(4, 1, 8, 'Aboites Arredondo J. Adrian', '15:42:18', '18:04:01', 'fdgdfg', 'Contaduria publica', '2018-07-18', 'Adobe Acrobat 9 Pro CS4 PC', 'dfgdfg', 'funcona'),
(5, 1, 16, 'Aboites Arredondo J. Adrian', '15:45:04', '00:00:00', '234', 'Contaduria publica', '2018-07-18', 'Adobe Acrobat 9 Pro CS4 PC', 'sdfsdf', 'funcona'),
(6, 1, 12, 'Aboites Arredondo J. Adrian', '15:55:09', '00:00:00', '4234', 'Contaduria publica', '2018-07-18', 'Adobe Acrobat 9 Pro CS4 PC', 'dsfsdfsdf', 'funcona'),
(7, 1, 30, 'Aboites Arredondo J. Adrian', '16:39:01', '00:00:00', '3242', 'Contaduria publica', '2018-07-18', 'Adobe Acrobat 9 Pro CS4 PC', 'SDFSDF', 'funcona'),
(8, 1, 31, 'Aboites Arredondo J. Adrian', '16:40:57', '00:00:00', 'sdfsdf', 'Contaduria publica', '2018-07-18', 'Adobe Acrobat 9 Pro CS4 PC', 'sdfsdfsd', 'funcona'),
(9, 1, 33, 'Aboites Arredondo J. Adrian', '17:02:09', '00:00:00', 'sfd', 'Contaduria publica', '2018-07-18', 'Adobe Acrobat 9 Pro CS4 PC', 'sdfsd', 'funcona'),
(10, 1, 34, 'Aboites Arredondo J. Adrian', '17:03:09', '00:00:00', 'fsdf', 'Contaduria publica', '2018-07-18', 'Adobe Acrobat 9 Pro CS4 PC', 'sdfsdf', 'funcona'),
(11, 1, 47, 'Aboites Arredondo J. Adrian', '17:22:53', '00:00:00', '3434', 'Contaduria publica', '2018-07-18', 'Adobe Acrobat 9 Pro CS4 PC', '3434', 'funcona'),
(12, 1, 48, 'Aboites Arredondo J. Adrian', '17:23:39', '00:00:00', 'fsdf', 'Contaduria publica', '2018-07-18', 'Adobe Acrobat 9 Pro CS4 PC', 'sdfsdfdsf', 'funcona'),
(13, 1, 50, 'Aboites Arredondo J. Adrian', '17:41:53', '00:00:00', 'fdfd', 'Contaduria publica', '2018-07-18', 'Adobe Acrobat 9 Pro CS4 PC', 'dfdfdfd', 'funcona'),
(14, 1, 53, 'Aboites Arredondo J. Adrian', '17:46:48', '17:47:06', 'eeeee', 'Contaduria publica', '2018-07-18', 'Adobe Acrobat 9 Pro CS4 PC', 'dddddd', 'funcona'),
(15, 1, 47, 'Aboites Arredondo J. Adrian', '18:03:52', '18:18:53', 'dddd', 'Contaduria publica', '2018-07-18', 'Adobe Acrobat 9 Pro CS4 PC', 'dfsdfsd', 'funcona'),
(16, 1, 48, 'Aboites Arredondo J. Adrian', '18:18:07', '18:18:53', 'dddd', 'Contaduria publica', '2018-07-18', 'Adobe Acrobat 9 Pro CS4 PC', 'ddddddd', 'funcona'),
(17, 1, 49, 'Aboites Arredondo J. Adrian', '18:24:40', '00:00:00', 'ddddd', 'Contaduria publica', '2018-07-18', 'Adobe Acrobat 9 Pro CS4 PC', 'ddddd', 'funcona'),
(18, 1, 50, 'Aboites Arredondo J. Adrian', '18:29:15', '18:29:37', 'dfdfdfdf', 'Contaduria publica', '2018-07-18', 'Adobe Acrobat 9 Pro CS4 PC', 'dfdfdf', 'funcona'),
(19, 1, 1, 'Aboites Arredondo J. Adrian', '21:36:56', '22:17:06', '2323', 'Contaduria publica', '2018-07-19', 'Adobe Acrobat 9 Pro CS4 PC', 'adsasdasd', 'funcona'),
(20, 1, 2, 'Aboites Arredondo J. Adrian', '21:37:12', '22:17:06', '2323', 'Contaduria publica', '2018-07-19', 'Adobe Acrobat 9 Pro CS4 PC', 'adsasdasd', 'funcona'),
(21, 1, 3, 'Aboites Arredondo J. Adrian', '22:12:26', '00:00:00', 'wwww', 'Contaduria publica', '2018-07-19', 'Adobe Acrobat 9 Pro CS4 PC', 'wwww', 'funcona'),
(22, 1, 4, 'Aboites Arredondo J. Adrian', '22:12:36', '00:00:00', 'wwww', 'Contaduria publica', '2018-07-19', 'Adobe Acrobat 9 Pro CS4 PC', 'wwww', 'funcona'),
(23, 1, 9, 'Aboites Arredondo J. Adrian', '22:16:37', '00:00:00', 'eeeeeeef', 'Contaduria publica', '2018-07-19', 'Adobe Acrobat 9 Pro CS4 PC', 'dddddd', 'funcona'),
(24, 1, 13, 'Aboites Arredondo J. Adrian', '22:16:45', '00:00:00', 'eeeeeeef', 'Contaduria publica', '2018-07-19', 'Adobe Acrobat 9 Pro CS4 PC', 'dddddd', 'funcona');

-- --------------------------------------------------------

--
-- Estructura de tabla para la tabla `horariolibre`
--

CREATE TABLE IF NOT EXISTS `horariolibre` (
  `ID_Horario` int(11) NOT NULL AUTO_INCREMENT,
  `ID_Sala` int(11) NOT NULL,
  `ID_Usuario` int(11) NOT NULL,
  `Hora_Entrada` time NOT NULL,
  `Hora_Salida` time NOT NULL,
  `Fecha` date NOT NULL,
  `Comentarios` text COLLATE utf8_spanish_ci NOT NULL,
  PRIMARY KEY (`ID_Horario`)
) ENGINE=InnoDB  DEFAULT CHARSET=utf8 COLLATE=utf8_spanish_ci AUTO_INCREMENT=227 ;

--
-- Volcado de datos para la tabla `horariolibre`
--

INSERT INTO `horariolibre` (`ID_Horario`, `ID_Sala`, `ID_Usuario`, `Hora_Entrada`, `Hora_Salida`, `Fecha`, `Comentarios`) VALUES
(205, 0, 1, '08:46:12', '00:00:00', '2018-07-15', 'funciona'),
(206, 0, 2, '08:46:33', '00:00:00', '2018-07-15', 'funciona'),
(209, 1, 16, '09:18:06', '00:00:00', '2018-07-15', 'funciona'),
(210, 1, 26, '09:24:03', '00:00:00', '2018-07-15', 'funciona'),
(211, 2, 29, '09:24:35', '00:00:00', '2018-07-15', 'funciona'),
(212, 2, 582, '12:47:36', '12:48:51', '2018-07-17', 'funciona'),
(213, 1, 582, '12:53:08', '00:00:00', '2018-07-17', 'funciona'),
(214, 1, 1, '15:32:00', '00:00:00', '2018-07-18', 'funciona'),
(215, 1, 8, '15:42:04', '00:00:00', '2018-07-18', 'funciona'),
(216, 1, 16, '15:44:50', '00:00:00', '2018-07-18', 'funciona'),
(217, 1, 19, '15:55:45', '00:00:00', '2018-07-18', 'funciona'),
(218, 1, 23, '16:08:47', '00:00:00', '2018-07-18', 'funciona'),
(219, 1, 29, '16:12:28', '00:00:00', '2018-07-18', 'funciona'),
(220, 1, 32, '16:43:05', '00:00:00', '2018-07-18', 'funciona'),
(221, 1, 35, '17:05:33', '00:00:00', '2018-07-18', 'funciona'),
(222, 1, 1264, '17:57:05', '17:57:52', '2018-07-18', 'funciona'),
(223, 1, 47, '18:03:43', '00:00:00', '2018-07-18', 'funciona'),
(224, 1, 49, '18:25:18', '18:25:27', '2018-07-18', 'funciona'),
(225, 1, 50, '18:28:50', '18:29:06', '2018-07-18', 'funciona'),
(226, 1, 50, '18:29:02', '18:29:06', '2018-07-18', 'funciona');

-- --------------------------------------------------------

--
-- Estructura de tabla para la tabla `impresion`
--

CREATE TABLE IF NOT EXISTS `impresion` (
  `ID_Impresion` int(11) NOT NULL AUTO_INCREMENT,
  `ID_Usuario` int(11) NOT NULL,
  `Hoja` int(11) NOT NULL,
  `Fecha` datetime NOT NULL DEFAULT '0000-00-00 00:00:00',
  `Registro` varchar(80) COLLATE utf8_spanish_ci NOT NULL,
  PRIMARY KEY (`ID_Impresion`)
) ENGINE=InnoDB  DEFAULT CHARSET=utf8 COLLATE=utf8_spanish_ci AUTO_INCREMENT=3 ;

--
-- Volcado de datos para la tabla `impresion`
--

INSERT INTO `impresion` (`ID_Impresion`, `ID_Usuario`, `Hoja`, `Fecha`, `Registro`) VALUES
(1, 1, 10, '2018-06-28 00:00:00', 'Lalo'),
(2, 1, 5, '2018-06-28 00:00:00', 'lalo');

-- --------------------------------------------------------

--
-- Estructura de tabla para la tabla `precio`
--

CREATE TABLE IF NOT EXISTS `precio` (
  `ID_Precio` int(11) NOT NULL AUTO_INCREMENT,
  `Precio` int(11) NOT NULL,
  PRIMARY KEY (`ID_Precio`)
) ENGINE=InnoDB  DEFAULT CHARSET=utf8 COLLATE=utf8_spanish_ci AUTO_INCREMENT=2 ;

--
-- Volcado de datos para la tabla `precio`
--

INSERT INTO `precio` (`ID_Precio`, `Precio`) VALUES
(1, 10);

-- --------------------------------------------------------

--
-- Estructura de tabla para la tabla `profesor`
--

CREATE TABLE IF NOT EXISTS `profesor` (
  `ID_Profesor` int(11) NOT NULL DEFAULT '0',
  `Profesor` varchar(160) COLLATE utf8_spanish_ci NOT NULL,
  `Matricula` int(11) NOT NULL,
  PRIMARY KEY (`ID_Profesor`)
) ENGINE=InnoDB DEFAULT CHARSET=utf8 COLLATE=utf8_spanish_ci;

--
-- Volcado de datos para la tabla `profesor`
--

INSERT INTO `profesor` (`ID_Profesor`, `Profesor`, `Matricula`) VALUES
(1, 'Aboites Arredondo J. Adrian', 400049),
(2, 'Alba Aguilar Maria Guadalupe', 400458),
(3, 'Ambriz Bernal Maria Del Carmen Auxilio', 400823),
(4, 'Arellano Lubiano Giovanni', 400820),
(5, 'Baez Pena Blanca Estela', 400194),
(6, 'Barron Villafana Manuel', 400547),
(7, 'Castanon Chavarria Luz Maria Guadalupe', 400863),
(8, 'Chavez Soto Luz Enriqueta', 400255),
(9, 'Chavira Espinosa Hector Felipe', 400651),
(10, 'Contreras Miranda Citlalli Ibeth', 400553),
(11, 'Cruz Calderon Susana', 400743),
(12, 'Flores Arguello Meliton', 400259),
(13, 'Flores Gomez Ignacio Eduardo', 400901),
(14, 'Garcia Anda Nancy Janet', 400679),
(15, 'Gonzalez Gonzalez Rogaciano', 400609),
(16, 'Guerrero Cardiel Maria Del Carmen', 400754),
(17, 'Gutierrez Garcia Raul Alejandro', 400880),
(18, 'Hernandez Farfan Jose Ernesto', 400836),
(19, 'Hernandez Hernandez Armando', 400022),
(20, 'Jimenez Salcedo Aaron', 400873),
(21, 'Kinney Garcia Maria Guadalupe', 400191),
(22, 'Lara Gallegos Pedro', 400762),
(23, 'Ledesma Fonseca Jose Carmen', 400598),
(24, 'Ledesma Orozco Lidia Raquel', 400174),
(25, 'Linares Lozano Leonardo', 400431),
(26, 'Lopez Cepeda Gerardo', 400172),
(27, 'Lopez Montes De Oca Jose Alberto', 400365),
(28, 'Martinez Morales Diana', 400833),
(29, 'Martinez Sanchez Miguel angel', 400808),
(30, 'Montoya Castillo Jose Antonio', 400835),
(31, 'Munoz Hernandez Jorge', 400567),
(32, 'Nava Bautista Maria Del Rocio', 400678),
(33, 'Olivares Zarate Francisco', 400212),
(34, 'Orozco Arredondo Carolina', 400030),
(35, 'Orozco Garcia Ana Isabel', 400804),
(36, 'Orozco Solis Florencio', 400336),
(37, 'Ortega Garcia Jose De Jesus', 400184),
(38, 'Padilla Garcia Aurora Vanessa', 400857),
(39, 'Perez Martinez Alejandro', 400205),
(40, 'Ponce Sosa Graciela', 400520),
(41, 'Quiroz Ramirez Maria Fernanda', 400809),
(42, 'Ramirez Mendoza Cecilia Asyadeth', 400644),
(43, 'Reyes Fernando', 400358),
(44, 'Reyes Espino Victor Manuel', 400314),
(45, 'Reyna Lopez Maria Soledad', 400697),
(46, 'Rocha Alonso Olivia', 400004),
(47, 'Rojas Cabrera Maria De Los Angeles', 400628),
(48, 'Ruiz Toledo Marco Aurelio', 400761),
(49, 'Sanchez Ruiz Abraham', 400918),
(50, 'Sepulveda Granados Jannely', 400858),
(51, 'Sepulveda Soto Jose Luis', 400137),
(52, 'Sotelo Texta Yolanda Elizeth', 400350),
(53, 'Tejeda Munoz Rosa Del Consuelo', 400616),
(54, 'Torpey Crespo Juan Pablo', 400642),
(55, 'Valle Macias Maria De Guadalupe', 400681),
(56, 'Vazquez Estrada Alfredo', 400110),
(57, 'Vazquez Sepulveda Ma. Luisa', 400210),
(58, 'Gonzalez Gomez Roberto Carlos', 400822),
(59, 'Segura Ricano Juan Rene', 400755),
(60, 'Chavez Cepeda Gloria Luz', 400352),
(61, 'Cortez Mendizabal Cesar Enrique', 400343),
(62, 'Galvan Espinosa Esperanza', 400280),
(63, 'Gamino Conejo Miriam', 400580),
(64, 'Gomez De Julian Carlos Alberto', 400341),
(65, 'Lopez Ortega Elda Guillermina', 400308),
(66, 'Luna Saenz Judith', 400278),
(67, 'Mendoza Sanchez Tanya Aidee', 400635),
(68, 'Ramirez Magana Jessica', 400868),
(69, 'Razo Colunga Luis Omar', 400564),
(70, 'Regalado Villalobos Rosa Del Carmen', 400852),
(71, 'Saenz Hernandez Elizabeth', 400636),
(72, 'Villalobos Ocampo Carmina', 400393),
(73, 'Arellano Nunez Alan', 400769),
(74, 'Aviles Miranda Eduardo', 400777),
(75, 'Cuevas Acosta Jose Carmen Noe', 400699),
(76, 'Escobar Acevedo Marco Antonio', 400879),
(77, 'Garcia Montoya Marco Antonio', 400180),
(78, 'Garcia Ramos Martin Gonzalo', 400116),
(79, 'Garcia Sierra Gerardo', 400502),
(80, 'Gonzalez Arellano Ma. Guadalupe', 400845),
(81, 'Hernandez Araujo Ivan Fernando', 400817),
(82, 'Lozano Juarez Jeanett', 400688),
(83, 'Martinez Rizo Luis Octavio', 400871),
(84, 'Mendoza Hernandez Emmanuel', 400838),
(85, 'Montecillos Soto Enrique', 400491),
(86, 'Morales Maldonado Enrique', 400368),
(87, 'Ortega Rodriguez Gabriel', 400766),
(88, 'Rodriguez Bravo Humberto', 400803),
(89, 'Ruiz Negrete Juan Manuel', 400841),
(90, 'Sanchez Castillo Juana Ana Maria', 400028),
(91, 'Hernandez Calvillo Joel', 400897),
(92, 'Hernandez Figueroa Miguel angel', 400781),
(93, 'Soria alvarez Luis', 400900),
(94, 'Aguirre Almanza Yuliana', 400624),
(95, 'Amezquita Ayala Bertel Fernando', 400728),
(96, 'Arroyo Acosta Maria Andrea', 400784),
(97, 'Cansigno Ortiz Cinthia Areli', 400753),
(98, 'Diosdado Martinez Estefania Del Carmen', 400898),
(99, 'Dominguez Cadena Priscila', 400912),
(100, 'Dominguez Deanda Luis Manuel', 400872),
(101, 'Gallardo Miranda Alma Clementina', 400119),
(102, 'Garza Ojeda Rosalba', 400924),
(103, 'Gasca Belman Jesus Eduardo', 400785),
(104, 'Gomez Barroso Enrique', 400173),
(105, 'Gomez Perez Maria Guadalupe', 400717),
(106, 'Greer Frias Laura Georgina', 400665),
(107, 'Hernandez Baltierra Claudia Rosario', 400251),
(108, 'Ibarra Rodriguez Alfredo', 400494),
(109, 'Lara Salmeron Jose Luis', 400130),
(110, 'Macias Garcia Agustin', 400182),
(111, 'Mancera Jaramillo Rocio Guadalupe', 400331),
(112, 'Osorio Fernandez Sonia Guadalupe', 400589),
(113, 'Ramos Granados Edgar Miguel', 400396),
(114, 'Reyes Amor Jose Roberto', 400752),
(115, 'Reyes Guzman Gerardo', 400914),
(116, 'Reyes Zamora Eduardo', 400379),
(117, 'Rico Ramirez Esther', 400175),
(118, 'Romero Gonzalez Alfonso', 400394),
(119, 'Rostro Hernandez Perla Esperanza', 400694),
(120, 'Tapia Ortega Jose Noe', 400128),
(121, 'Venegas Hernandez Luz Veronica', 400546),
(122, 'Villafana Lopez Ericka', 400581),
(123, 'Zavala Izquierdo Salvador', 400292),
(124, 'Delgado Solorio Maryann', 400919),
(125, 'Hernandez Godoy Luis Enrique', 400827),
(126, 'Moreno Sanchez Silvia Libertad', 400921),
(127, 'Sanchez Leon Jorge Humberto', 400945),
(128, 'Acosta Gomez Maria Guadalupe', 400689),
(129, 'Anaya Mancilla Nemesio', 400470),
(130, 'Farfan Trejo Mabel', 400062),
(131, 'Farfan Trejo Sara', 400021),
(132, 'Garcia Orozco Karla Georgina', 400840),
(133, 'Garcia Perez Blanca Lidia', 400354),
(134, 'Guzman Cabrera Rafael', 400228),
(135, 'Monroy Barrientos Ivan', 400640),
(136, 'Montecillos Soto Jose Jesus', 400267),
(137, 'Ramirez Castro Susana', 400063),
(138, 'Ramirez Villagran Jose Alfredo', 400504),
(139, 'Romero Ramirez Marco Antonio', 400492),
(140, 'Ruiz Frias Ernesto', 400373),
(141, 'Vazquez Martinez Jose Juan', 400771);

-- --------------------------------------------------------

--
-- Estructura de tabla para la tabla `recibo`
--

CREATE TABLE IF NOT EXISTS `recibo` (
  `ID_Recibo` int(11) NOT NULL AUTO_INCREMENT,
  `ID_Usuario` int(11) NOT NULL,
  `Folio` int(11) NOT NULL,
  `hoja` int(11) NOT NULL DEFAULT '0',
  `Precio` double DEFAULT '0',
  `Fecha` date NOT NULL,
  `Registro` datetime NOT NULL,
  PRIMARY KEY (`ID_Recibo`)
) ENGINE=InnoDB  DEFAULT CHARSET=utf8 COLLATE=utf8_spanish_ci AUTO_INCREMENT=7 ;

--
-- Volcado de datos para la tabla `recibo`
--

INSERT INTO `recibo` (`ID_Recibo`, `ID_Usuario`, `Folio`, `hoja`, `Precio`, `Fecha`, `Registro`) VALUES
(4, 6, 777, 5, 5, '2018-06-28', '2018-06-29 19:01:54'),
(6, 1, 12342, 5, 5, '2018-06-28', '2018-06-28 00:00:00');

-- --------------------------------------------------------

--
-- Estructura de tabla para la tabla `sala`
--

CREATE TABLE IF NOT EXISTS `sala` (
  `ID_Sala` int(11) NOT NULL AUTO_INCREMENT,
  `Sala` varchar(20) COLLATE utf8_spanish_ci NOT NULL,
  `Maquina` int(11) NOT NULL,
  PRIMARY KEY (`ID_Sala`)
) ENGINE=InnoDB  DEFAULT CHARSET=utf8 COLLATE=utf8_spanish_ci AUTO_INCREMENT=3 ;

--
-- Volcado de datos para la tabla `sala`
--

INSERT INTO `sala` (`ID_Sala`, `Sala`, `Maquina`) VALUES
(1, 'A007', 48),
(2, 'A008', 48);

-- --------------------------------------------------------

--
-- Estructura de tabla para la tabla `software`
--

CREATE TABLE IF NOT EXISTS `software` (
  `ID_Software` int(11) NOT NULL AUTO_INCREMENT,
  `Software` varchar(150) COLLATE utf8_spanish_ci NOT NULL,
  PRIMARY KEY (`ID_Software`)
) ENGINE=InnoDB  DEFAULT CHARSET=utf8 COLLATE=utf8_spanish_ci AUTO_INCREMENT=331 ;

--
-- Volcado de datos para la tabla `software`
--

INSERT INTO `software` (`ID_Software`, `Software`) VALUES
(1, 'Adobe Acrobat 9 Pro CS4 PC'),
(2, 'Adobe Acrobat 9 Pro CS4 MAC'),
(3, 'Adobe After Effects 2016 MAC'),
(4, 'Adobe After Effects 2018 PC'),
(5, 'Adobe After Effects 2018 MAC'),
(6, 'Adobe Animate 2018 MAC'),
(7, 'Adobe Animate 2018 PC'),
(8, 'Adobe Animate CC 2017 PC'),
(9, 'Adobe Audition 2017 PC'),
(10, 'Adobe Audition 2018 MAC'),
(11, 'Adobe Audition cs6 PC'),
(12, 'Adobe Audition cs6 MAC'),
(13, 'Adobe Audition CC 2015 MAC'),
(14, 'Adobe Bridge  PC'),
(15, 'Adobe Bridge  MAC'),
(16, 'Adobe Bridge CS3 PC'),
(17, 'Adobe Contribute CS3 PC'),
(18, 'Adobe Device Central CS3 PC'),
(19, 'Adobe Device Central CS4 MAC'),
(20, 'Adobe Device Central CS4 PC'),
(21, 'Adobe Dreamweaver 2018 PC'),
(22, 'Adobe Dreamweaver 2018 MAC'),
(23, 'Adobe Dreamweaver CS3 PC'),
(24, 'Adobe Dreamweaver CS4 MAC'),
(25, 'Adobe Dreamweaver CS5 PC'),
(26, 'Adobe Dreamweaver cs5 MAC'),
(27, 'Adobe Dreamweaver CS5.5 PC'),
(28, 'Adobe Dreamweaver cs6 MAC'),
(29, 'Adobe Dreamweaver cs6 PC'),
(30, 'Adobe Dreamweaver CC 2015 MAC'),
(31, 'Adobe Dreamweaver CC 2015 PC'),
(32, 'Adobe Dreamweaver CC 2017 PC'),
(33, 'Adobe Fireworks CS3 PC'),
(34, 'Adobe Fireworks CS4 PC'),
(35, 'Adobe Fireworks CS4 MAC'),
(36, 'Adobe Fireworks CS5 PC'),
(37, 'Adobe Fireworks cs5 MAC'),
(38, 'Adobe Fireworks cs6 PC'),
(39, 'Adobe Fireworks cs6 MAC'),
(40, 'Adobe Fireworks CC 2015 PC'),
(41, 'Adobe Fireworks CC 2015 MAC'),
(42, 'Adobe Flash cs5 MAC'),
(43, 'Adobe Flash cs5 PC'),
(44, 'Adobe Flash cs6 PC'),
(45, 'Adobe Flash cs6 MAC'),
(46, 'Adobe Flash CC 2015 PC'),
(47, 'Adobe Flash CC 2015 MAC'),
(48, 'Adobe Flash Professional CS3 PC'),
(49, 'Adobe Flash Professional CS4 PC'),
(50, 'Adobe Flash Professional CS5 MAC'),
(51, 'Adobe Illustrador cs6 MAC'),
(52, 'Adobe Illustrator 2018 PC'),
(53, 'Adobe Illustrator 2018 MAC'),
(54, 'Adobe Illustrator CS3 PC'),
(55, 'Adobe Illustrator CS4 MAC'),
(56, 'Adobe Illustrator cs5 MAC'),
(57, 'Adobe Illustrator cs5 PC'),
(58, 'Adobe Illustrator cs6 PC'),
(59, 'Adobe Illustrator cs6 PC'),
(60, 'Adobe Illustrator CC 2015 MAC'),
(61, 'Adobe Illustrator CC 2015 PC'),
(62, 'Adobe Illustrator CC 2017 PC'),
(63, 'Adobe Indesign 2018 PC'),
(64, 'Adobe Indesign 2018 MAC'),
(65, 'Adobe InDesign CS4 MAC'),
(66, 'Adobe Indesign cs5 MAC'),
(67, 'Adobe Indesign cs5 PC'),
(68, 'Adobe Indesign cs6 MAC'),
(69, 'Adobe Indesign cs6 PC'),
(70, 'Adobe Indesign CC 2015 MAC'),
(71, 'Adobe Indesign CC 2015 PC'),
(72, 'Adobe InDesign CC 2017 PC'),
(73, 'Adobe InDesign CC 2017 PC'),
(74, 'Adobe Muse 2018 MAC'),
(75, 'Adobe Muse CC 2015 MAC'),
(76, 'Adobe Photoshop 2018 MAC'),
(77, 'Adobe Photoshop 2018 PC'),
(78, 'Adobe Photoshop 5.5 PC'),
(79, 'Adobe Photoshop CS2 PC'),
(80, 'Adobe Photoshop CS2 MAC'),
(81, 'Adobe Photoshop cs5 MAC'),
(82, 'Adobe Photoshop cs5 PC'),
(83, 'Adobe Photoshop cs6 MAC'),
(84, 'Adobe Photoshop cs6 PC'),
(85, 'Adobe Photoshop CC 2015 PC'),
(86, 'Adobe Photoshop CC 2015 MAC'),
(87, 'Adobe Photoshop CC 2017 PC'),
(88, 'Adobe Photoshop Extended CS4 MAC'),
(89, 'Adobe Photoshop Extended CS4 PC'),
(90, 'Adobe Photoshop for Win CS3 PC'),
(91, 'Adobe Premiere 2017 PC'),
(92, 'Adobe Premiere 2017 MAC'),
(93, 'Adobe Reader  PC'),
(94, 'Adobe Reader 7 PC'),
(95, 'Adobe Version Cue CS3 PC'),
(96, 'Adobe Version Cue CS4 MAC'),
(97, 'Adobe Version Cue CS4 PC'),
(98, 'Ansys 17.1 PC'),
(99, 'Apache 2 PC'),
(100, 'Apache Server 2.2 PC'),
(101, 'AppServ 2.6 PC'),
(102, 'Aras 360 HD 2.0.6 PC'),
(103, 'Aspel Banco 1.5 PC'),
(104, 'Aspel COI 3.5 PC'),
(105, 'Aspel NOI 2.5 PC'),
(106, 'Aspel SAE 2.5 PC'),
(107, 'Audacity 1.2.6 PC'),
(108, 'Auditor 8 PC'),
(109, 'Autodesk 123D 1.1 PC'),
(110, 'Autodesk 3D Max 2014 PC'),
(111, 'Autodesk 3D Max 2015 PC'),
(112, 'Autodesk 3d Max 2011  PC'),
(113, 'Autodesk 3D Max Design 2016 PC'),
(114, 'Autodesk 3d Studio Max 2009 PC'),
(115, 'Autodesk 3d Studio Max 2010 PC'),
(116, 'Autodesk Architecture 2008 PC'),
(117, 'Autodesk Architecture 2009 PC'),
(118, 'Autodesk Architecture 2010 PC'),
(119, 'Autodesk Arquitecture 2011  PC'),
(120, 'Autodesk AutoCAD 2004 PC'),
(121, 'Autodesk AutoCAD 2008 PC'),
(122, 'Autodesk AutoCAD 2009 PC'),
(123, 'Autodesk AutoCAD 2010 PC'),
(124, 'Autodesk Autocad 2011 PC'),
(125, 'Autodesk Autocad 2012 PC'),
(126, 'Autodesk Autocad 2013 PC'),
(127, 'Autodesk Autocad 2014 PC'),
(128, 'Autodesk Autocad 2015 PC'),
(129, 'Autodesk Autocad 2016 PC'),
(130, 'Autodesk Autocad Electrical 2010 PC'),
(131, 'Autodesk Civil 3D 2010 PC'),
(132, 'Autodesk Civil 3D 2011 PC'),
(133, 'Autodesk Civil 3D-Civil Design Companion 2010 PC'),
(134, 'Autodesk Dynamo 2016 PC'),
(135, 'Autodesk Ecotect Analysis 2011 PC'),
(136, 'Autodesk Inventor 2011 PC'),
(137, 'Autodesk Inventor Professional 2010 PC'),
(138, 'Autodesk MAP 3D 2010 PC'),
(139, 'Autodesk Maya 2011 PC'),
(140, 'Autodesk Maya 2013 PC'),
(141, 'Autodesk Maya 2016 MAC'),
(142, 'Autodesk Maya 2018 MAC'),
(143, 'Autodesk Motion Builder 2010 PC'),
(144, 'Autodesk Mudbox 2010 PC'),
(145, 'Autodesk Naviswork 2011 PC'),
(146, 'Autodesk Naviswork 2013 PC'),
(147, 'Autodesk ProductStream 2010 PC'),
(148, 'Autodesk ProductStream Explorer 2010 PC'),
(149, 'Autodesk Raster Design 2010 PC'),
(150, 'Autodesk Revit 2015 PC'),
(151, 'Autodesk Revit 2016 PC'),
(152, 'Autodesk Revit Architecture 2010 PC'),
(153, 'Autodesk Revit Architecture 2011 PC'),
(154, 'Autodesk Revit Architecture 2014 PC'),
(155, 'Autodesk Revit MEP 2011 PC'),
(156, 'Autodesk Revit MEP 2013 PC'),
(157, 'Autodesk Revit MEP Suite 2010 PC'),
(158, 'Autodesk Revit Structure 2010 PC'),
(159, 'Autodesk Revit Structure 2011 PC'),
(160, 'Autodesk Revit Structure 2013 PC'),
(161, 'Autodesk Softimage 2010 PC'),
(162, 'Autodesk Vault 2010 PC'),
(163, 'Autodesk Viz 2008 PC'),
(164, 'Base de datos DIA 7 PC'),
(165, 'BDE 5 PC'),
(166, 'Blender 2.79 PC'),
(167, 'Borland C++ 3.1 for DOS PC'),
(168, 'Borland J Builder 2005 PC'),
(169, 'C++  PC'),
(170, 'Campeon Plus 8 PC'),
(171, 'Catia 5 PC'),
(172, 'CentOS 5 PC'),
(173, 'CodeWarrior  PC'),
(174, 'ContPAQ 2003 PC'),
(175, 'ContPAQ 2005 PC'),
(176, 'ContPAQ 2005  PC'),
(177, 'Contpaq Adminpaq 2007 PC'),
(178, 'Contpaq Cheqpaq 2008 PC'),
(179, 'ContPAQ i 8 PC'),
(180, 'ContPAQ NomiPAQ 2004 PC'),
(181, 'Contpaq Nomipaq 2008 PC'),
(182, 'ContPAQ NomiPAQ 2008 Demo PC'),
(183, 'ContPAQ Suite  PC'),
(184, 'Corel Knockout 2 PC'),
(185, 'Corel KPT Collection  PC'),
(186, 'Corel Paint Shop Pro XI PC'),
(187, 'Corel Painter X PC'),
(188, 'CorelDraw X7 PC'),
(189, 'CorelDraw X8 PC'),
(190, 'CorelDraw Graphic Suite 12 PC'),
(191, 'Cypecad 2005 PC'),
(192, 'DeclaraSAT 2008 PC'),
(193, 'DeclaraSAT 2009 PC'),
(194, 'DeclaraSAT 2010 PC'),
(195, 'DIMM 2009 PC'),
(196, 'DIMM 2010 PC'),
(197, 'Dyane 2 PC'),
(198, 'Fedora Core  PC'),
(199, 'Final Cut Studio  MAC'),
(200, 'Final Cut X Pro 10.3.2 MAC'),
(201, 'FreeMind 0.8.0 PC'),
(202, 'FreeStudio 4.2 PC'),
(203, 'Gerber 8.1 PC'),
(204, 'Gerber 8.3.1 PC'),
(205, 'Gerber 9 PC'),
(206, 'GNOME Escritorio para Fedora  PC'),
(207, 'GNOME Escritorio para SuSe  PC'),
(208, 'Google Chrome  PC'),
(209, 'Grasshoper  PC'),
(210, 'IIS (Internet Information Services)  PC'),
(211, 'InfoStat 9 PC'),
(212, 'Ingent Integra  PC'),
(213, 'Internet Explorer  PC'),
(214, 'IUS 2008 PC'),
(215, 'IUS 2012 PC'),
(216, 'Java Developement Kit (JDK)  PC'),
(217, 'Java Runtime Enviroment (JRE)  PC'),
(218, 'Jbuilder 2005 PC'),
(219, 'JRE 1.4.2 PC'),
(220, 'JRE 6 PC'),
(221, 'KDE Escritorio para Fedora  PC'),
(222, 'KDE Escritorio para SuSe  PC'),
(223, 'Kepler  PC'),
(224, 'Linux Centos 5 PC'),
(225, 'MacOS El Capitan 10.11.6 MAC'),
(226, 'MacOS Lion 10.7.1 MAC'),
(227, 'Macromedia Authoware Win 6.5 PC'),
(228, 'Macromedia Authoware Win 7.0.1 PC'),
(229, 'Macromedia Director MX 2004 PC'),
(230, 'Macromedia Dreamweaver MX 2004 PC'),
(231, 'Macromedia FireWorks MX 2004 PC'),
(232, 'Macromedia Flash MX 2004 PC'),
(233, 'Macromedia Freehand MX 2004 PC'),
(234, 'Mathcad Prime 2.0 PC'),
(235, 'Matlab 2015 PC'),
(236, 'Maxima 5.18 PC'),
(237, 'MAXQDA 2 PC'),
(238, 'Medallion PMS 10.45_03.1 PC'),
(239, 'Microsoft Expression Web 3 PC'),
(240, 'Microsoft Internet Explorer 8 PC'),
(241, 'Microsoft Office 2003 Enterprise PC'),
(242, 'Microsoft Office 2007 Enterprise PC'),
(243, 'Microsoft Office 2008 MAC'),
(244, 'Microsoft Office 2011 MAC'),
(245, 'Microsoft Office X Standard MAC'),
(246, 'Microsoft Office Pro 2013 PC'),
(247, 'Microsoft Office Pro 2016 PC'),
(248, 'Microsoft Office Project Server 2003 PC'),
(249, 'Microsoft Office Project Server 2007 PC'),
(250, 'Microsoft Office Starndard 2016 MAC'),
(251, 'Microsoft Producer  PC'),
(252, 'Microsoft Project 2003 Professional PC'),
(253, 'Microsoft Project 2007 Professional PC'),
(254, 'Microsoft Project 2013 PC'),
(255, 'Microsoft Project 2016 PC'),
(256, 'Microsoft SQL Server 2005 Developer PC'),
(257, 'Microsoft SQL Server 2008 Developer PC'),
(258, 'Microsoft SQL Server 2008 Standard PC'),
(259, 'Microsoft SQL Server 2012 PC'),
(260, 'Microsoft SQL Server 2016 PC'),
(261, 'Microsoft Visio 2003 Professional PC'),
(262, 'Microsoft Visio 2007 Professional PC'),
(263, 'Microsoft Visio 2010 PC'),
(264, 'Microsoft Visual Studio 2005 Professional PC'),
(265, 'Microsoft Visual Studio 2008 Professional PC'),
(266, 'Microsoft Visual Studio 2010 PC'),
(267, 'Microsoft Visual Studio 2012 PC'),
(268, 'Microsoft Visual Studio 2015 PC'),
(269, 'Microsoft Windows XP Professional SP2 PC'),
(270, 'Microsoft Windows XP Professional SP3 PC'),
(271, 'Minitab 17 PC'),
(272, 'MONO Develop 2.2 PC'),
(273, 'MonoDeveloper 2.8 MAC'),
(274, 'MonoFramework MRE 2.1 MAC'),
(275, 'Monotouch 5.0 MAC'),
(276, 'MotoDev Studio for android 4.0 PC'),
(277, 'MySQL Server 6 PC'),
(278, 'National Instruments LabView 8.5 PC'),
(279, 'Naxos  PC'),
(280, 'NetBeans 6.5 PC'),
(281, 'NetBeans IDE 7.1 PC'),
(282, 'Novell MONO 2.6 PC'),
(283, 'Novell SuSe 11 PC'),
(284, 'Nutrion Pro 5 PC'),
(285, 'OpenWave  PC'),
(286, 'Opus OLE 10 PC'),
(287, 'Oracle MySQL 5 PC'),
(288, 'Oracle MySQL Administrator  PC'),
(289, 'PHP 5 PC'),
(290, 'PHP 5.2 PC'),
(291, 'PHP MyAdmin  PC'),
(292, 'Powerbullet Presenter  PC'),
(293, 'Promodel 6 PC'),
(294, 'PSeint  PC'),
(295, 'PSPP 0.8 PC'),
(296, 'QSB 3 PC'),
(297, 'Quark Xpress 6.5 MAC'),
(298, 'QuickTime  PC'),
(299, 'QuickTime 7 PC'),
(300, 'R 2.1 PC'),
(301, 'Raptor  PC'),
(302, 'Real Player  PC'),
(303, 'Real Player  PC'),
(304, 'Red Hat Fedora 12 PC'),
(305, 'Rhinoceros 4 PC'),
(306, 'Romans 9.8 PC'),
(307, 'Romans CAD 9.10 PC'),
(308, 'Sabre Red Workspace 1.0 PC'),
(309, 'Sabre Travel Network  PC'),
(310, 'Safari  MAC'),
(311, 'SAP 2000 Demo PC'),
(312, 'Scratch 1.4 PC'),
(313, 'screen 2 PC'),
(314, 'sdl trados 2017 PC'),
(315, 'Sipred 2009 PC'),
(316, 'Solid Works 1999 PC'),
(317, 'SolidWorks 2011 PC'),
(318, 'SolidWorks 2017 PC'),
(319, 'SPSS 13 PC'),
(320, 'SUA  PC'),
(321, 'Tora 1.0 PC'),
(322, 'Tora 1.0 PC'),
(323, 'Visual Prolog 7.2 PC'),
(324, 'Webmin 1 PC'),
(325, 'WinQSB 1.0 PC'),
(326, 'WinQSB 2.0 PC'),
(327, 'WinRAR  PC'),
(328, 'WS_FTP  PC'),
(329, 'Xamarin Studio  MAC'),
(330, 'XCode  MAC');

-- --------------------------------------------------------

--
-- Estructura para la vista `asistenciaaldia`
--
DROP TABLE IF EXISTS `asistenciaaldia`;

CREATE ALGORITHM=UNDEFINED DEFINER=`root`@`localhost` SQL SECURITY DEFINER VIEW `asistenciaaldia` AS select `alumno`.`Matricula` AS `Matricula`,`alumno`.`Nombre` AS `Nombre`,`horariolibre`.`Hora_Entrada` AS `Hora_Entrada`,`horariolibre`.`Hora_Salida` AS `Hora_Salida`,`sala`.`Sala` AS `Sala` from ((`horariolibre` join `alumno` on((`horariolibre`.`ID_Usuario` = `alumno`.`ID_Usuario`))) join `sala` on((`horariolibre`.`ID_Sala` = `sala`.`ID_Sala`))) where ((`horariolibre`.`Fecha` = curdate()) and (`horariolibre`.`Hora_Salida` = '00:00:00'));

-- --------------------------------------------------------

--
-- Estructura para la vista `asistenciaaldiaclase`
--
DROP TABLE IF EXISTS `asistenciaaldiaclase`;

CREATE ALGORITHM=UNDEFINED DEFINER=`root`@`localhost` SQL SECURITY DEFINER VIEW `asistenciaaldiaclase` AS select `alumno`.`Matricula` AS `Matricula`,`alumno`.`Nombre` AS `Nombre`,`horarioclase`.`Hora_Entrada` AS `Hora_Entrada`,`horarioclase`.`Hora_Salida` AS `Hora_Salida`,`sala`.`Sala` AS `Sala` from ((`horarioclase` join `alumno` on((`horarioclase`.`ID_Usuario` = `alumno`.`ID_Usuario`))) join `sala` on((`horarioclase`.`ID_Sala` = `sala`.`ID_Sala`))) where ((`horarioclase`.`Fecha` = curdate()) and (`horarioclase`.`Hora_Salida` = '00:00:00'));

/*!40101 SET CHARACTER_SET_CLIENT=@OLD_CHARACTER_SET_CLIENT */;
/*!40101 SET CHARACTER_SET_RESULTS=@OLD_CHARACTER_SET_RESULTS */;
/*!40101 SET COLLATION_CONNECTION=@OLD_COLLATION_CONNECTION */;
